Sample,Subpopulation,Superpopulation
HG00096,GBR,Europe
HG00097,GBR,Europe
HG00098,GBR,Europe
HG00099,GBR,Europe
HG00100,GBR,Europe
HG00101,GBR,Europe
HG00102,GBR,Europe
HG00103,GBR,Europe
HG00104,GBR,Europe
HG00105,GBR,Europe
HG00106,GBR,Europe
HG00107,GBR,Europe
HG00108,GBR,Europe
HG00109,GBR,Europe
HG00110,GBR,Europe
HG00111,GBR,Europe
HG00112,GBR,Europe
HG00113,GBR,Europe
HG00114,GBR,Europe
HG00115,GBR,Europe
HG00116,GBR,Europe
HG00117,GBR,Europe
HG00118,GBR,Europe
HG00119,GBR,Europe
HG00120,GBR,Europe
HG00121,GBR,Europe
HG00122,GBR,Europe
HG00123,GBR,Europe
HG00124,GBR,Europe
HG00125,GBR,Europe
HG00126,GBR,Europe
HG00127,GBR,Europe
HG00128,GBR,Europe
HG00129,GBR,Europe
HG00130,GBR,Europe
HG00131,GBR,Europe
HG00132,GBR,Europe
HG00133,GBR,Europe
HG00134,GBR,Europe
HG00135,GBR,Europe
HG00136,GBR,Europe
HG00137,GBR,Europe
HG00138,GBR,Europe
HG00139,GBR,Europe
HG00140,GBR,Europe
HG00141,GBR,Europe
HG00142,GBR,Europe
HG00143,GBR,Europe
HG00144,GBR,Europe
HG00145,GBR,Europe
HG00146,GBR,Europe
HG00147,GBR,Europe
HG00148,GBR,Europe
HG00149,GBR,Europe
HG00150,GBR,Europe
HG00151,GBR,Europe
HG00152,GBR,Europe
HG00153,GBR,Europe
HG00154,GBR,Europe
HG00155,GBR,Europe
HG00156,GBR,Europe
HG00157,GBR,Europe
HG00158,GBR,Europe
HG00159,GBR,Europe
HG00160,GBR,Europe
HG00171,FIN,Europe
HG00173,FIN,Europe
HG00174,FIN,Europe
HG00176,FIN,Europe
HG00177,FIN,Europe
HG00178,FIN,Europe
HG00179,FIN,Europe
HG00180,FIN,Europe
HG00181,FIN,Europe
HG00182,FIN,Europe
HG00183,FIN,Europe
HG00185,FIN,Europe
HG00186,FIN,Europe
HG00187,FIN,Europe
HG00188,FIN,Europe
HG00189,FIN,Europe
HG00190,FIN,Europe
HG00231,GBR,Europe
HG00232,GBR,Europe
HG00233,GBR,Europe
HG00234,GBR,Europe
HG00235,GBR,Europe
HG00236,GBR,Europe
HG00237,GBR,Europe
HG00238,GBR,Europe
HG00239,GBR,Europe
HG00240,GBR,Europe
HG00242,GBR,Europe
HG00243,GBR,Europe
HG00244,GBR,Europe
HG00245,GBR,Europe
HG00246,GBR,Europe
HG00247,GBR,Europe
HG00248,GBR,Europe
HG00249,GBR,Europe
HG00250,GBR,Europe
HG00251,GBR,Europe
HG00252,GBR,Europe
HG00253,GBR,Europe
HG00254,GBR,Europe
HG00255,GBR,Europe
HG00256,GBR,Europe
HG00257,GBR,Europe
HG00258,GBR,Europe
HG00259,GBR,Europe
HG00260,GBR,Europe
HG00261,GBR,Europe
HG00262,GBR,Europe
HG00263,GBR,Europe
HG00264,GBR,Europe
HG00265,GBR,Europe
HG00266,FIN,Europe
HG00267,FIN,Europe
HG00268,FIN,Europe
HG00269,FIN,Europe
HG00270,FIN,Europe
HG00271,FIN,Europe
HG00272,FIN,Europe
HG00273,FIN,Europe
HG00274,FIN,Europe
HG00275,FIN,Europe
HG00276,FIN,Europe
HG00277,FIN,Europe
HG00278,FIN,Europe
HG00280,FIN,Europe
HG00281,FIN,Europe
HG00282,FIN,Europe
HG00284,FIN,Europe
HG00285,FIN,Europe
HG00288,FIN,Europe
HG00290,FIN,Europe
HG00302,FIN,Europe
HG00303,FIN,Europe
HG00304,FIN,Europe
HG00306,FIN,Europe
HG00308,FIN,Europe
HG00309,FIN,Europe
HG00310,FIN,Europe
HG00311,FIN,Europe
HG00312,FIN,Europe
HG00313,FIN,Europe
HG00315,FIN,Europe
HG00318,FIN,Europe
HG00319,FIN,Europe
HG00320,FIN,Europe
HG00321,FIN,Europe
HG00323,FIN,Europe
HG00324,FIN,Europe
HG00325,FIN,Europe
HG00326,FIN,Europe
HG00327,FIN,Europe
HG00328,FIN,Europe
HG00329,FIN,Europe
HG00330,FIN,Europe
HG00331,FIN,Europe
HG00332,FIN,Europe
HG00334,FIN,Europe
HG00335,FIN,Europe
HG00336,FIN,Europe
HG00337,FIN,Europe
HG00338,FIN,Europe
HG00339,FIN,Europe
HG00341,FIN,Europe
HG00342,FIN,Europe
HG00343,FIN,Europe
HG00344,FIN,Europe
HG00345,FIN,Europe
HG00346,FIN,Europe
HG00349,FIN,Europe
HG00350,FIN,Europe
HG00351,FIN,Europe
HG00353,FIN,Europe
HG00355,FIN,Europe
HG00356,FIN,Europe
HG00357,FIN,Europe
HG00358,FIN,Europe
HG00359,FIN,Europe
HG00360,FIN,Europe
HG00361,FIN,Europe
HG00362,FIN,Europe
HG00364,FIN,Europe
HG00365,FIN,Europe
HG00366,FIN,Europe
HG00367,FIN,Europe
HG00368,FIN,Europe
HG00369,FIN,Europe
HG00371,FIN,Europe
HG00372,FIN,Europe
HG00373,FIN,Europe
HG00375,FIN,Europe
HG00376,FIN,Europe
HG00377,FIN,Europe
HG00378,FIN,Europe
HG00379,FIN,Europe
HG00380,FIN,Europe
HG00381,FIN,Europe
HG00382,FIN,Europe
HG00383,FIN,Europe
HG00384,FIN,Europe
HG00403,CHS,East Asia
HG00404,CHS,East Asia
HG00405,CHS,East Asia
HG00406,CHS,East Asia
HG00407,CHS,East Asia
HG00408,CHS,East Asia
HG00409,CHS,East Asia
HG00410,CHS,East Asia
HG00411,CHS,East Asia
HG00418,CHS,East Asia
HG00419,CHS,East Asia
HG00420,CHS,East Asia
HG00421,CHS,East Asia
HG00422,CHS,East Asia
HG00423,CHS,East Asia
HG00427,CHS,East Asia
HG00428,CHS,East Asia
HG00429,CHS,East Asia
HG00436,CHS,East Asia
HG00437,CHS,East Asia
HG00438,CHS,East Asia
HG00442,CHS,East Asia
HG00443,CHS,East Asia
HG00444,CHS,East Asia
HG00445,CHS,East Asia
HG00446,CHS,East Asia
HG00447,CHS,East Asia
HG00448,CHS,East Asia
HG00449,CHS,East Asia
HG00450,CHS,East Asia
HG00451,CHS,East Asia
HG00452,CHS,East Asia
HG00453,CHS,East Asia
HG00457,CHS,East Asia
HG00458,CHS,East Asia
HG00459,CHS,East Asia
HG00463,CHS,East Asia
HG00464,CHS,East Asia
HG00465,CHS,East Asia
HG00472,CHS,East Asia
HG00473,CHS,East Asia
HG00474,CHS,East Asia
HG00475,CHS,East Asia
HG00476,CHS,East Asia
HG00477,CHS,East Asia
HG00478,CHS,East Asia
HG00479,CHS,East Asia
HG00480,CHS,East Asia
HG00500,CHS,East Asia
HG00501,CHS,East Asia
HG00502,CHS,East Asia
HG00512,CHS,East Asia
HG00513,CHS,East Asia
HG00514,CHS,East Asia
HG00524,CHS,East Asia
HG00525,CHS,East Asia
HG00526,CHS,East Asia
HG00530,CHS,East Asia
HG00531,CHS,East Asia
HG00532,CHS,East Asia
HG00533,CHS,East Asia
HG00534,CHS,East Asia
HG00535,CHS,East Asia
HG00536,CHS,East Asia
HG00537,CHS,East Asia
HG00538,CHS,East Asia
HG00542,CHS,East Asia
HG00543,CHS,East Asia
HG00544,CHS,East Asia
HG00551,PUR,America
HG00552,PUR,America
HG00553,PUR,America
HG00554,PUR,America
HG00555,PUR,America
HG00556,CHS,East Asia
HG00557,CHS,East Asia
HG00558,CHS,East Asia
HG00559,CHS,East Asia
HG00560,CHS,East Asia
HG00561,CHS,East Asia
HG00565,CHS,East Asia
HG00566,CHS,East Asia
HG00567,CHS,East Asia
HG00577,CHS,East Asia
HG00578,CHS,East Asia
HG00579,CHS,East Asia
HG00580,CHS,East Asia
HG00581,CHS,East Asia
HG00582,CHS,East Asia
HG00583,CHS,East Asia
HG00584,CHS,East Asia
HG00585,CHS,East Asia
HG00589,CHS,East Asia
HG00590,CHS,East Asia
HG00591,CHS,East Asia
HG00592,CHS,East Asia
HG00593,CHS,East Asia
HG00594,CHS,East Asia
HG00595,CHS,East Asia
HG00596,CHS,East Asia
HG00597,CHS,East Asia
HG00598,CHS,East Asia
HG00599,CHS,East Asia
HG00600,CHS,East Asia
HG00607,CHS,East Asia
HG00608,CHS,East Asia
HG00609,CHS,East Asia
HG00610,CHS,East Asia
HG00611,CHS,East Asia
HG00612,CHS,East Asia
HG00613,CHS,East Asia
HG00614,CHS,East Asia
HG00615,CHS,East Asia
HG00619,CHS,East Asia
HG00620,CHS,East Asia
HG00621,CHS,East Asia
HG00622,CHS,East Asia
HG00623,CHS,East Asia
HG00624,CHS,East Asia
HG00625,CHS,East Asia
HG00626,CHS,East Asia
HG00627,CHS,East Asia
HG00628,CHS,East Asia
HG00629,CHS,East Asia
HG00630,CHS,East Asia
HG00631,CHS,East Asia
HG00632,CHS,East Asia
HG00633,CHS,East Asia
HG00634,CHS,East Asia
HG00635,CHS,East Asia
HG00636,CHS,East Asia
HG00637,PUR,America
HG00638,PUR,America
HG00639,PUR,America
HG00640,PUR,America
HG00641,PUR,America
HG00642,PUR,America
HG00650,CHS,East Asia
HG00651,CHS,East Asia
HG00652,CHS,East Asia
HG00653,CHS,East Asia
HG00654,CHS,East Asia
HG00655,CHS,East Asia
HG00656,CHS,East Asia
HG00657,CHS,East Asia
HG00658,CHS,East Asia
HG00662,CHS,East Asia
HG00663,CHS,East Asia
HG00664,CHS,East Asia
HG00671,CHS,East Asia
HG00672,CHS,East Asia
HG00673,CHS,East Asia
HG00674,CHS,East Asia
HG00675,CHS,East Asia
HG00676,CHS,East Asia
HG00683,CHS,East Asia
HG00684,CHS,East Asia
HG00685,CHS,East Asia
HG00689,CHS,East Asia
HG00690,CHS,East Asia
HG00691,CHS,East Asia
HG00692,CHS,East Asia
HG00693,CHS,East Asia
HG00694,CHS,East Asia
HG00698,CHS,East Asia
HG00699,CHS,East Asia
HG00700,CHS,East Asia
HG00701,CHS,East Asia
HG00702,CHS,East Asia
HG00703,CHS,East Asia
HG00704,CHS,East Asia
HG00705,CHS,East Asia
HG00706,CHS,East Asia
HG00707,CHS,East Asia
HG00708,CHS,East Asia
HG00709,CHS,East Asia
HG00716,CHS,East Asia
HG00717,CHS,East Asia
HG00718,CHS,East Asia
HG00728,CHS,East Asia
HG00729,CHS,East Asia
HG00730,CHS,East Asia
HG00731,PUR,America
HG00732,PUR,America
HG00733,PUR,America
HG00734,PUR,America
HG00735,PUR,America
HG00736,PUR,America
HG00737,PUR,America
HG00738,PUR,America
HG00739,PUR,America
HG00740,PUR,America
HG00741,PUR,America
HG00742,PUR,America
HG00743,PUR,America
HG00759,CDX,East Asia
HG00766,CDX,East Asia
HG00844,CDX,East Asia
HG00851,CDX,East Asia
HG00864,CDX,East Asia
HG00866,CDX,East Asia
HG00867,CDX,East Asia
HG00879,CDX,East Asia
HG00881,CDX,East Asia
HG00956,CDX,East Asia
HG00978,CDX,East Asia
HG00982,CDX,East Asia
HG00983,CDX,East Asia
HG01028,CDX,East Asia
HG01029,CDX,East Asia
HG01031,CDX,East Asia
HG01046,CDX,East Asia
HG01047,PUR,America
HG01048,PUR,America
HG01049,PUR,America
HG01050,PUR,America
HG01051,PUR,America
HG01052,PUR,America
HG01053,PUR,America
HG01054,PUR,America
HG01055,PUR,America
HG01056,PUR,America
HG01058,PUR,America
HG01060,PUR,America
HG01061,PUR,America
HG01062,PUR,America
HG01063,PUR,America
HG01064,PUR,America
HG01066,PUR,America
HG01067,PUR,America
HG01068,PUR,America
HG01069,PUR,America
HG01070,PUR,America
HG01071,PUR,America
HG01072,PUR,America
HG01073,PUR,America
HG01074,PUR,America
HG01075,PUR,America
HG01077,PUR,America
HG01079,PUR,America
HG01080,PUR,America
HG01081,PUR,America
HG01082,PUR,America
HG01083,PUR,America
HG01084,PUR,America
HG01085,PUR,America
HG01086,PUR,America
HG01087,PUR,America
HG01088,PUR,America
HG01089,PUR,America
HG01090,PUR,America
HG01092,PUR,America
HG01094,PUR,America
HG01095,PUR,America
HG01096,PUR,America
HG01097,PUR,America
HG01098,PUR,America
HG01099,PUR,America
HG01100,PUR,America
HG01101,PUR,America
HG01102,PUR,America
HG01103,PUR,America
HG01104,PUR,America
HG01105,PUR,America
HG01106,PUR,America
HG01107,PUR,America
HG01108,PUR,America
HG01109,PUR,America
HG01110,PUR,America
HG01111,PUR,America
HG01112,CLM,America
HG01113,CLM,America
HG01114,CLM,America
HG01119,CLM,America
HG01121,CLM,America
HG01122,CLM,America
HG01123,CLM,America
HG01124,CLM,America
HG01125,CLM,America
HG01126,CLM,America
HG01130,CLM,America
HG01131,CLM,America
HG01133,CLM,America
HG01134,CLM,America
HG01135,CLM,America
HG01136,CLM,America
HG01137,CLM,America
HG01138,CLM,America
HG01139,CLM,America
HG01140,CLM,America
HG01141,CLM,America
HG01142,CLM,America
HG01148,CLM,America
HG01149,CLM,America
HG01150,CLM,America
HG01161,PUR,America
HG01162,PUR,America
HG01164,PUR,America
HG01167,PUR,America
HG01168,PUR,America
HG01169,PUR,America
HG01170,PUR,America
HG01171,PUR,America
HG01172,PUR,America
HG01173,PUR,America
HG01174,PUR,America
HG01175,PUR,America
HG01176,PUR,America
HG01177,PUR,America
HG01178,PUR,America
HG01182,PUR,America
HG01183,PUR,America
HG01184,PUR,America
HG01187,PUR,America
HG01188,PUR,America
HG01189,PUR,America
HG01190,PUR,America
HG01191,PUR,America
HG01192,PUR,America
HG01195,PUR,America
HG01197,PUR,America
HG01198,PUR,America
HG01199,PUR,America
HG01200,PUR,America
HG01204,PUR,America
HG01205,PUR,America
HG01206,PUR,America
HG01241,PUR,America
HG01242,PUR,America
HG01243,PUR,America
HG01247,PUR,America
HG01248,PUR,America
HG01249,PUR,America
HG01250,CLM,America
HG01251,CLM,America
HG01252,CLM,America
HG01253,CLM,America
HG01254,CLM,America
HG01255,CLM,America
HG01256,CLM,America
HG01257,CLM,America
HG01258,CLM,America
HG01259,CLM,America
HG01260,CLM,America
HG01261,CLM,America
HG01269,CLM,America
HG01271,CLM,America
HG01272,CLM,America
HG01273,CLM,America
HG01274,CLM,America
HG01275,CLM,America
HG01276,CLM,America
HG01277,CLM,America
HG01278,CLM,America
HG01279,CLM,America
HG01280,CLM,America
HG01281,CLM,America
HG01284,CLM,America
HG01286,PUR,America
HG01301,PUR,America
HG01302,PUR,America
HG01303,PUR,America
HG01305,PUR,America
HG01308,PUR,America
HG01311,PUR,America
HG01312,PUR,America
HG01322,PUR,America
HG01323,PUR,America
HG01324,PUR,America
HG01325,PUR,America
HG01326,PUR,America
HG01327,PUR,America
HG01334,GBR,Europe
HG01341,CLM,America
HG01342,CLM,America
HG01343,CLM,America
HG01344,CLM,America
HG01345,CLM,America
HG01346,CLM,America
HG01347,CLM,America
HG01348,CLM,America
HG01349,CLM,America
HG01350,CLM,America
HG01351,CLM,America
HG01352,CLM,America
HG01353,CLM,America
HG01354,CLM,America
HG01355,CLM,America
HG01356,CLM,America
HG01357,CLM,America
HG01358,CLM,America
HG01359,CLM,America
HG01360,CLM,America
HG01361,CLM,America
HG01362,CLM,America
HG01363,CLM,America
HG01364,CLM,America
HG01365,CLM,America
HG01366,CLM,America
HG01367,CLM,America
HG01369,CLM,America
HG01372,CLM,America
HG01374,CLM,America
HG01375,CLM,America
HG01376,CLM,America
HG01377,CLM,America
HG01378,CLM,America
HG01379,CLM,America
HG01383,CLM,America
HG01384,CLM,America
HG01385,CLM,America
HG01389,CLM,America
HG01390,CLM,America
HG01391,CLM,America
HG01392,PUR,America
HG01393,PUR,America
HG01394,PUR,America
HG01395,PUR,America
HG01396,PUR,America
HG01397,PUR,America
HG01398,PUR,America
HG01402,PUR,America
HG01403,PUR,America
HG01404,PUR,America
HG01405,PUR,America
HG01411,PUR,America
HG01412,PUR,America
HG01413,PUR,America
HG01414,PUR,America
HG01415,PUR,America
HG01431,CLM,America
HG01432,CLM,America
HG01433,CLM,America
HG01435,CLM,America
HG01437,CLM,America
HG01438,CLM,America
HG01439,CLM,America
HG01440,CLM,America
HG01441,CLM,America
HG01442,CLM,America
HG01443,CLM,America
HG01444,CLM,America
HG01445,CLM,America
HG01447,CLM,America
HG01452,CLM,America
HG01453,CLM,America
HG01454,CLM,America
HG01455,CLM,America
HG01456,CLM,America
HG01457,CLM,America
HG01459,CLM,America
HG01461,CLM,America
HG01462,CLM,America
HG01463,CLM,America
HG01464,CLM,America
HG01465,CLM,America
HG01466,CLM,America
HG01468,CLM,America
HG01471,CLM,America
HG01473,CLM,America
HG01474,CLM,America
HG01477,CLM,America
HG01479,CLM,America
HG01480,CLM,America
HG01481,CLM,America
HG01482,CLM,America
HG01483,CLM,America
HG01484,CLM,America
HG01485,CLM,America
HG01486,CLM,America
HG01487,CLM,America
HG01488,CLM,America
HG01489,CLM,America
HG01490,CLM,America
HG01491,CLM,America
HG01492,CLM,America
HG01493,CLM,America
HG01494,CLM,America
HG01495,CLM,America
HG01496,CLM,America
HG01497,CLM,America
HG01498,CLM,America
HG01499,CLM,America
HG01500,IBS,Europe
HG01501,IBS,Europe
HG01502,IBS,Europe
HG01503,IBS,Europe
HG01504,IBS,Europe
HG01505,IBS,Europe
HG01506,IBS,Europe
HG01507,IBS,Europe
HG01508,IBS,Europe
HG01509,IBS,Europe
HG01510,IBS,Europe
HG01511,IBS,Europe
HG01512,IBS,Europe
HG01513,IBS,Europe
HG01514,IBS,Europe
HG01515,IBS,Europe
HG01516,IBS,Europe
HG01517,IBS,Europe
HG01518,IBS,Europe
HG01519,IBS,Europe
HG01520,IBS,Europe
HG01521,IBS,Europe
HG01522,IBS,Europe
HG01523,IBS,Europe
HG01524,IBS,Europe
HG01525,IBS,Europe
HG01526,IBS,Europe
HG01527,IBS,Europe
HG01528,IBS,Europe
HG01529,IBS,Europe
HG01530,IBS,Europe
HG01531,IBS,Europe
HG01532,IBS,Europe
HG01536,IBS,Europe
HG01537,IBS,Europe
HG01538,IBS,Europe
HG01550,CLM,America
HG01551,CLM,America
HG01552,CLM,America
HG01556,CLM,America
HG01565,PEL,America
HG01566,PEL,America
HG01567,PEL,America
HG01571,PEL,America
HG01572,PEL,America
HG01573,PEL,America
HG01577,PEL,America
HG01578,PEL,America
HG01579,PEL,America
HG01583,PJL,South Asia
HG01586,PJL,South Asia
HG01589,PJL,South Asia
HG01590,PJL,South Asia
HG01593,PJL,South Asia
HG01594,PJL,South Asia
HG01595,KHV,East Asia
HG01596,KHV,East Asia
HG01597,KHV,East Asia
HG01598,KHV,East Asia
HG01599,KHV,East Asia
HG01600,KHV,East Asia
HG01601,IBS,Europe
HG01602,IBS,Europe
HG01603,IBS,Europe
HG01604,IBS,Europe
HG01605,IBS,Europe
HG01606,IBS,Europe
HG01607,IBS,Europe
HG01608,IBS,Europe
HG01609,IBS,Europe
HG01610,IBS,Europe
HG01611,IBS,Europe
HG01612,IBS,Europe
HG01613,IBS,Europe
HG01614,IBS,Europe
HG01615,IBS,Europe
HG01616,IBS,Europe
HG01617,IBS,Europe
HG01618,IBS,Europe
HG01619,IBS,Europe
HG01620,IBS,Europe
HG01621,IBS,Europe
HG01622,IBS,Europe
HG01623,IBS,Europe
HG01624,IBS,Europe
HG01625,IBS,Europe
HG01626,IBS,Europe
HG01627,IBS,Europe
HG01628,IBS,Europe
HG01629,IBS,Europe
HG01630,IBS,Europe
HG01631,IBS,Europe
HG01632,IBS,Europe
HG01633,IBS,Europe
HG01667,IBS,Europe
HG01668,IBS,Europe
HG01669,IBS,Europe
HG01670,IBS,Europe
HG01671,IBS,Europe
HG01672,IBS,Europe
HG01673,IBS,Europe
HG01674,IBS,Europe
HG01675,IBS,Europe
HG01676,IBS,Europe
HG01677,IBS,Europe
HG01678,IBS,Europe
HG01679,IBS,Europe
HG01680,IBS,Europe
HG01681,IBS,Europe
HG01682,IBS,Europe
HG01683,IBS,Europe
HG01684,IBS,Europe
HG01685,IBS,Europe
HG01686,IBS,Europe
HG01687,IBS,Europe
HG01694,IBS,Europe
HG01695,IBS,Europe
HG01696,IBS,Europe
HG01697,IBS,Europe
HG01698,IBS,Europe
HG01699,IBS,Europe
HG01700,IBS,Europe
HG01701,IBS,Europe
HG01702,IBS,Europe
HG01703,IBS,Europe
HG01704,IBS,Europe
HG01705,IBS,Europe
HG01706,IBS,Europe
HG01707,IBS,Europe
HG01708,IBS,Europe
HG01709,IBS,Europe
HG01710,IBS,Europe
HG01711,IBS,Europe
HG01746,IBS,Europe
HG01747,IBS,Europe
HG01748,IBS,Europe
HG01755,IBS,Europe
HG01756,IBS,Europe
HG01757,IBS,Europe
HG01761,IBS,Europe
HG01762,IBS,Europe
HG01763,IBS,Europe
HG01764,IBS,Europe
HG01765,IBS,Europe
HG01766,IBS,Europe
HG01767,IBS,Europe
HG01768,IBS,Europe
HG01769,IBS,Europe
HG01770,IBS,Europe
HG01771,IBS,Europe
HG01772,IBS,Europe
HG01773,IBS,Europe
HG01774,IBS,Europe
HG01775,IBS,Europe
HG01776,IBS,Europe
HG01777,IBS,Europe
HG01778,IBS,Europe
HG01779,IBS,Europe
HG01780,IBS,Europe
HG01781,IBS,Europe
HG01782,IBS,Europe
HG01783,IBS,Europe
HG01784,IBS,Europe
HG01785,IBS,Europe
HG01786,IBS,Europe
HG01787,IBS,Europe
HG01789,GBR,Europe
HG01790,GBR,Europe
HG01791,GBR,Europe
HG01794,CDX,East Asia
HG01795,CDX,East Asia
HG01796,CDX,East Asia
HG01797,CDX,East Asia
HG01798,CDX,East Asia
HG01799,CDX,East Asia
HG01800,CDX,East Asia
HG01801,CDX,East Asia
HG01802,CDX,East Asia
HG01804,CDX,East Asia
HG01805,CDX,East Asia
HG01806,CDX,East Asia
HG01807,CDX,East Asia
HG01808,CDX,East Asia
HG01809,CDX,East Asia
HG01810,CDX,East Asia
HG01811,CDX,East Asia
HG01812,CDX,East Asia
HG01813,CDX,East Asia
HG01815,CDX,East Asia
HG01816,CDX,East Asia
HG01817,CDX,East Asia
HG01840,KHV,East Asia
HG01841,KHV,East Asia
HG01842,KHV,East Asia
HG01843,KHV,East Asia
HG01844,KHV,East Asia
HG01845,KHV,East Asia
HG01846,KHV,East Asia
HG01847,KHV,East Asia
HG01848,KHV,East Asia
HG01849,KHV,East Asia
HG01850,KHV,East Asia
HG01851,KHV,East Asia
HG01852,KHV,East Asia
HG01853,KHV,East Asia
HG01855,KHV,East Asia
HG01857,KHV,East Asia
HG01858,KHV,East Asia
HG01859,KHV,East Asia
HG01860,KHV,East Asia
HG01861,KHV,East Asia
HG01862,KHV,East Asia
HG01863,KHV,East Asia
HG01864,KHV,East Asia
HG01865,KHV,East Asia
HG01866,KHV,East Asia
HG01867,KHV,East Asia
HG01868,KHV,East Asia
HG01869,KHV,East Asia
HG01870,KHV,East Asia
HG01871,KHV,East Asia
HG01872,KHV,East Asia
HG01873,KHV,East Asia
HG01874,KHV,East Asia
HG01878,KHV,East Asia
HG01879,ACB,Africa
HG01880,ACB,Africa
HG01881,ACB,Africa
HG01882,ACB,Africa
HG01883,ACB,Africa
HG01884,ACB,Africa
HG01885,ACB,Africa
HG01886,ACB,Africa
HG01887,ACB,Africa
HG01888,ACB,Africa
HG01889,ACB,Africa
HG01890,ACB,Africa
HG01891,ACB,Africa
HG01892,PEL,America
HG01893,PEL,America
HG01894,ACB,Africa
HG01895,ACB,Africa
HG01896,ACB,Africa
HG01897,ACB,Africa
HG01898,PEL,America
HG01912,ACB,Africa
HG01914,ACB,Africa
HG01915,ACB,Africa
HG01916,ACB,Africa
HG01917,PEL,America
HG01918,PEL,America
HG01919,PEL,America
HG01920,PEL,America
HG01921,PEL,America
HG01922,PEL,America
HG01923,PEL,America
HG01924,PEL,America
HG01925,PEL,America
HG01926,PEL,America
HG01927,PEL,America
HG01928,PEL,America
HG01932,PEL,America
HG01933,PEL,America
HG01934,PEL,America
HG01935,PEL,America
HG01936,PEL,America
HG01937,PEL,America
HG01938,PEL,America
HG01939,PEL,America
HG01940,PEL,America
HG01941,PEL,America
HG01942,PEL,America
HG01943,PEL,America
HG01944,PEL,America
HG01945,PEL,America
HG01946,PEL,America
HG01947,PEL,America
HG01948,PEL,America
HG01949,PEL,America
HG01950,PEL,America
HG01951,PEL,America
HG01952,PEL,America
HG01953,PEL,America
HG01954,PEL,America
HG01955,PEL,America
HG01956,ACB,Africa
HG01958,ACB,Africa
HG01959,ACB,Africa
HG01960,ACB,Africa
HG01961,PEL,America
HG01965,PEL,America
HG01967,PEL,America
HG01968,PEL,America
HG01969,PEL,America
HG01970,PEL,America
HG01971,PEL,America
HG01972,PEL,America
HG01973,PEL,America
HG01974,PEL,America
HG01975,PEL,America
HG01976,PEL,America
HG01977,PEL,America
HG01978,PEL,America
HG01979,PEL,America
HG01980,PEL,America
HG01981,PEL,America
HG01982,PEL,America
HG01983,PEL,America
HG01984,PEL,America
HG01985,ACB,Africa
HG01986,ACB,Africa
HG01987,ACB,Africa
HG01988,ACB,Africa
HG01989,ACB,Africa
HG01990,ACB,Africa
HG01991,PEL,America
HG01992,PEL,America
HG01993,PEL,America
HG01995,PEL,America
HG01997,PEL,America
HG01998,PEL,America
HG02002,PEL,America
HG02003,PEL,America
HG02004,PEL,America
HG02006,PEL,America
HG02008,PEL,America
HG02009,ACB,Africa
HG02010,ACB,Africa
HG02011,ACB,Africa
HG02012,ACB,Africa
HG02013,ACB,Africa
HG02014,ACB,Africa
HG02015,KHV,East Asia
HG02016,KHV,East Asia
HG02017,KHV,East Asia
HG02018,KHV,East Asia
HG02019,KHV,East Asia
HG02020,KHV,East Asia
HG02021,KHV,East Asia
HG02023,KHV,East Asia
HG02024,KHV,East Asia
HG02025,KHV,East Asia
HG02026,KHV,East Asia
HG02027,KHV,East Asia
HG02028,KHV,East Asia
HG02029,KHV,East Asia
HG02030,KHV,East Asia
HG02031,KHV,East Asia
HG02032,KHV,East Asia
HG02035,KHV,East Asia
HG02040,KHV,East Asia
HG02046,KHV,East Asia
HG02047,KHV,East Asia
HG02048,KHV,East Asia
HG02049,KHV,East Asia
HG02050,KHV,East Asia
HG02051,ACB,Africa
HG02052,ACB,Africa
HG02053,ACB,Africa
HG02054,ACB,Africa
HG02055,ACB,Africa
HG02056,KHV,East Asia
HG02057,KHV,East Asia
HG02058,KHV,East Asia
HG02059,KHV,East Asia
HG02060,KHV,East Asia
HG02061,KHV,East Asia
HG02064,KHV,East Asia
HG02067,KHV,East Asia
HG02068,KHV,East Asia
HG02069,KHV,East Asia
HG02070,KHV,East Asia
HG02071,KHV,East Asia
HG02072,KHV,East Asia
HG02073,KHV,East Asia
HG02074,KHV,East Asia
HG02075,KHV,East Asia
HG02076,KHV,East Asia
HG02077,KHV,East Asia
HG02078,KHV,East Asia
HG02079,KHV,East Asia
HG02080,KHV,East Asia
HG02081,KHV,East Asia
HG02082,KHV,East Asia
HG02083,KHV,East Asia
HG02084,KHV,East Asia
HG02085,KHV,East Asia
HG02086,KHV,East Asia
HG02087,KHV,East Asia
HG02088,KHV,East Asia
HG02089,PEL,America
HG02090,PEL,America
HG02091,PEL,America
HG02095,ACB,Africa
HG02102,PEL,America
HG02104,PEL,America
HG02105,PEL,America
HG02106,PEL,America
HG02107,ACB,Africa
HG02108,ACB,Africa
HG02111,ACB,Africa
HG02113,KHV,East Asia
HG02116,KHV,East Asia
HG02120,KHV,East Asia
HG02121,KHV,East Asia
HG02122,KHV,East Asia
HG02126,KHV,East Asia
HG02127,KHV,East Asia
HG02128,KHV,East Asia
HG02129,KHV,East Asia
HG02130,KHV,East Asia
HG02131,KHV,East Asia
HG02132,KHV,East Asia
HG02133,KHV,East Asia
HG02134,KHV,East Asia
HG02135,KHV,East Asia
HG02136,KHV,East Asia
HG02137,KHV,East Asia
HG02138,KHV,East Asia
HG02139,KHV,East Asia
HG02140,KHV,East Asia
HG02141,KHV,East Asia
HG02142,KHV,East Asia
HG02143,ACB,Africa
HG02144,ACB,Africa
HG02145,ACB,Africa
HG02146,PEL,America
HG02147,PEL,America
HG02148,PEL,America
HG02150,PEL,America
HG02151,CDX,East Asia
HG02152,CDX,East Asia
HG02153,CDX,East Asia
HG02154,CDX,East Asia
HG02155,CDX,East Asia
HG02156,CDX,East Asia
HG02164,CDX,East Asia
HG02165,CDX,East Asia
HG02166,CDX,East Asia
HG02168,CDX,East Asia
HG02169,CDX,East Asia
HG02170,CDX,East Asia
HG02173,CDX,East Asia
HG02176,CDX,East Asia
HG02178,CDX,East Asia
HG02179,CDX,East Asia
HG02180,CDX,East Asia
HG02181,CDX,East Asia
HG02182,CDX,East Asia
HG02184,CDX,East Asia
HG02185,CDX,East Asia
HG02186,CDX,East Asia
HG02187,CDX,East Asia
HG02188,CDX,East Asia
HG02189,CDX,East Asia
HG02190,CDX,East Asia
HG02215,GBR,Europe
HG02217,IBS,Europe
HG02218,IBS,Europe
HG02219,IBS,Europe
HG02220,IBS,Europe
HG02221,IBS,Europe
HG02222,IBS,Europe
HG02223,IBS,Europe
HG02224,IBS,Europe
HG02225,IBS,Europe
HG02229,IBS,Europe
HG02230,IBS,Europe
HG02231,IBS,Europe
HG02232,IBS,Europe
HG02233,IBS,Europe
HG02234,IBS,Europe
HG02235,IBS,Europe
HG02236,IBS,Europe
HG02237,IBS,Europe
HG02238,IBS,Europe
HG02239,IBS,Europe
HG02240,IBS,Europe
HG02250,CDX,East Asia
HG02252,PEL,America
HG02253,PEL,America
HG02254,PEL,America
HG02255,ACB,Africa
HG02256,ACB,Africa
HG02257,ACB,Africa
HG02258,ACB,Africa
HG02259,PEL,America
HG02260,PEL,America
HG02261,PEL,America
HG02262,PEL,America
HG02265,PEL,America
HG02266,PEL,America
HG02267,PEL,America
HG02271,PEL,America
HG02272,PEL,America
HG02273,PEL,America
HG02274,PEL,America
HG02275,PEL,America
HG02276,PEL,America
HG02277,PEL,America
HG02278,PEL,America
HG02279,PEL,America
HG02280,ACB,Africa
HG02281,ACB,Africa
HG02282,ACB,Africa
HG02283,ACB,Africa
HG02284,ACB,Africa
HG02285,PEL,America
HG02286,PEL,America
HG02287,PEL,America
HG02288,PEL,America
HG02291,PEL,America
HG02292,PEL,America
HG02293,PEL,America
HG02298,PEL,America
HG02299,PEL,America
HG02300,PEL,America
HG02301,PEL,America
HG02302,PEL,America
HG02303,PEL,America
HG02304,PEL,America
HG02307,ACB,Africa
HG02308,ACB,Africa
HG02309,ACB,Africa
HG02312,PEL,America
HG02314,ACB,Africa
HG02315,ACB,Africa
HG02316,ACB,Africa
HG02317,ACB,Africa
HG02318,ACB,Africa
HG02321,ACB,Africa
HG02322,ACB,Africa
HG02323,ACB,Africa
HG02325,ACB,Africa
HG02330,ACB,Africa
HG02332,ACB,Africa
HG02334,ACB,Africa
HG02337,ACB,Africa
HG02339,ACB,Africa
HG02343,ACB,Africa
HG02344,PEL,America
HG02345,PEL,America
HG02347,PEL,America
HG02348,PEL,America
HG02351,CDX,East Asia
HG02353,CDX,East Asia
HG02355,CDX,East Asia
HG02356,CDX,East Asia
HG02358,CDX,East Asia
HG02360,CDX,East Asia
HG02363,CDX,East Asia
HG02364,CDX,East Asia
HG02367,CDX,East Asia
HG02371,CDX,East Asia
HG02372,CDX,East Asia
HG02373,CDX,East Asia
HG02374,CDX,East Asia
HG02375,CDX,East Asia
HG02377,CDX,East Asia
HG02379,CDX,East Asia
HG02380,CDX,East Asia
HG02381,CDX,East Asia
HG02382,CDX,East Asia
HG02383,CDX,East Asia
HG02384,CDX,East Asia
HG02385,CDX,East Asia
HG02386,CDX,East Asia
HG02387,CDX,East Asia
HG02388,CDX,East Asia
HG02389,CDX,East Asia
HG02390,CDX,East Asia
HG02391,CDX,East Asia
HG02392,CDX,East Asia
HG02394,CDX,East Asia
HG02395,CDX,East Asia
HG02396,CDX,East Asia
HG02397,CDX,East Asia
HG02398,CDX,East Asia
HG02399,CDX,East Asia
HG02401,CDX,East Asia
HG02402,CDX,East Asia
HG02405,CDX,East Asia
HG02406,CDX,East Asia
HG02407,CDX,East Asia
HG02408,CDX,East Asia
HG02409,CDX,East Asia
HG02410,CDX,East Asia
HG02415,PEL,America
HG02419,ACB,Africa
HG02420,ACB,Africa
HG02425,PEL,America
HG02427,ACB,Africa
HG02428,ACB,Africa
HG02429,ACB,Africa
HG02433,ACB,Africa
HG02436,ACB,Africa
HG02439,ACB,Africa
HG02442,ACB,Africa
HG02445,ACB,Africa
HG02449,ACB,Africa
HG02450,ACB,Africa
HG02451,ACB,Africa
HG02455,ACB,Africa
HG02461,GWD,Africa
HG02462,GWD,Africa
HG02463,GWD,Africa
HG02464,GWD,Africa
HG02465,GWD,Africa
HG02466,GWD,Africa
HG02470,ACB,Africa
HG02471,ACB,Africa
HG02476,ACB,Africa
HG02477,ACB,Africa
HG02478,ACB,Africa
HG02479,ACB,Africa
HG02480,ACB,Africa
HG02481,ACB,Africa
HG02484,ACB,Africa
HG02485,ACB,Africa
HG02486,ACB,Africa
HG02489,ACB,Africa
HG02490,PJL,South Asia
HG02491,PJL,South Asia
HG02492,PJL,South Asia
HG02493,PJL,South Asia
HG02494,PJL,South Asia
HG02495,PJL,South Asia
HG02496,ACB,Africa
HG02497,ACB,Africa
HG02501,ACB,Africa
HG02502,ACB,Africa
HG02505,ACB,Africa
HG02508,ACB,Africa
HG02511,ACB,Africa
HG02512,KHV,East Asia
HG02513,KHV,East Asia
HG02514,KHV,East Asia
HG02521,KHV,East Asia
HG02522,KHV,East Asia
HG02523,KHV,East Asia
HG02524,KHV,East Asia
HG02525,KHV,East Asia
HG02526,KHV,East Asia
HG02536,ACB,Africa
HG02537,ACB,Africa
HG02541,ACB,Africa
HG02545,ACB,Africa
HG02546,ACB,Africa
HG02547,ACB,Africa
HG02549,ACB,Africa
HG02554,ACB,Africa
HG02555,ACB,Africa
HG02557,ACB,Africa
HG02558,ACB,Africa
HG02559,ACB,Africa
HG02561,GWD,Africa
HG02562,GWD,Africa
HG02563,GWD,Africa
HG02567,GWD,Africa
HG02568,GWD,Africa
HG02569,GWD,Africa
HG02570,GWD,Africa
HG02571,GWD,Africa
HG02572,GWD,Africa
HG02573,GWD,Africa
HG02574,GWD,Africa
HG02575,GWD,Africa
HG02577,ACB,Africa
HG02580,ACB,Africa
HG02582,GWD,Africa
HG02583,GWD,Africa
HG02584,GWD,Africa
HG02585,GWD,Africa
HG02586,GWD,Africa
HG02587,GWD,Africa
HG02588,GWD,Africa
HG02589,GWD,Africa
HG02590,GWD,Africa
HG02594,GWD,Africa
HG02595,GWD,Africa
HG02596,GWD,Africa
HG02597,PJL,South Asia
HG02599,PJL,South Asia
HG02600,PJL,South Asia
HG02601,PJL,South Asia
HG02602,PJL,South Asia
HG02603,PJL,South Asia
HG02604,PJL,South Asia
HG02605,PJL,South Asia
HG02610,GWD,Africa
HG02611,GWD,Africa
HG02612,GWD,Africa
HG02613,GWD,Africa
HG02614,GWD,Africa
HG02615,GWD,Africa
HG02620,GWD,Africa
HG02621,GWD,Africa
HG02622,GWD,Africa
HG02623,GWD,Africa
HG02624,GWD,Africa
HG02625,GWD,Africa
HG02628,GWD,Africa
HG02629,GWD,Africa
HG02630,GWD,Africa
HG02634,GWD,Africa
HG02635,GWD,Africa
HG02636,GWD,Africa
HG02642,GWD,Africa
HG02643,GWD,Africa
HG02644,GWD,Africa
HG02645,GWD,Africa
HG02646,GWD,Africa
HG02647,GWD,Africa
HG02648,PJL,South Asia
HG02649,PJL,South Asia
HG02650,PJL,South Asia
HG02651,PJL,South Asia
HG02652,PJL,South Asia
HG02653,PJL,South Asia
HG02654,PJL,South Asia
HG02655,PJL,South Asia
HG02656,PJL,South Asia
HG02657,PJL,South Asia
HG02658,PJL,South Asia
HG02659,PJL,South Asia
HG02660,PJL,South Asia
HG02661,PJL,South Asia
HG02662,PJL,South Asia
HG02666,GWD,Africa
HG02667,GWD,Africa
HG02668,GWD,Africa
HG02675,GWD,Africa
HG02676,GWD,Africa
HG02677,GWD,Africa
HG02678,GWD,Africa
HG02679,GWD,Africa
HG02680,GWD,Africa
HG02681,PJL,South Asia
HG02682,PJL,South Asia
HG02683,PJL,South Asia
HG02684,PJL,South Asia
HG02685,PJL,South Asia
HG02686,PJL,South Asia
HG02687,PJL,South Asia
HG02688,PJL,South Asia
HG02689,PJL,South Asia
HG02690,PJL,South Asia
HG02691,PJL,South Asia
HG02692,PJL,South Asia
HG02694,PJL,South Asia
HG02696,PJL,South Asia
HG02697,PJL,South Asia
HG02698,PJL,South Asia
HG02699,PJL,South Asia
HG02700,PJL,South Asia
HG02701,PJL,South Asia
HG02702,GWD,Africa
HG02703,GWD,Africa
HG02704,GWD,Africa
HG02715,GWD,Africa
HG02716,GWD,Africa
HG02717,GWD,Africa
HG02721,GWD,Africa
HG02722,GWD,Africa
HG02723,GWD,Africa
HG02724,PJL,South Asia
HG02725,PJL,South Asia
HG02726,PJL,South Asia
HG02727,PJL,South Asia
HG02728,PJL,South Asia
HG02729,PJL,South Asia
HG02731,PJL,South Asia
HG02733,PJL,South Asia
HG02734,PJL,South Asia
HG02735,PJL,South Asia
HG02736,PJL,South Asia
HG02737,PJL,South Asia
HG02738,PJL,South Asia
HG02756,GWD,Africa
HG02757,GWD,Africa
HG02758,GWD,Africa
HG02759,GWD,Africa
HG02760,GWD,Africa
HG02761,GWD,Africa
HG02762,GWD,Africa
HG02763,GWD,Africa
HG02764,GWD,Africa
HG02768,GWD,Africa
HG02769,GWD,Africa
HG02770,GWD,Africa
HG02771,GWD,Africa
HG02772,GWD,Africa
HG02773,GWD,Africa
HG02774,PJL,South Asia
HG02775,PJL,South Asia
HG02776,PJL,South Asia
HG02778,PJL,South Asia
HG02779,PJL,South Asia
HG02780,PJL,South Asia
HG02781,PJL,South Asia
HG02783,PJL,South Asia
HG02784,PJL,South Asia
HG02785,PJL,South Asia
HG02786,PJL,South Asia
HG02787,PJL,South Asia
HG02788,PJL,South Asia
HG02789,PJL,South Asia
HG02790,PJL,South Asia
HG02791,PJL,South Asia
HG02792,PJL,South Asia
HG02793,PJL,South Asia
HG02794,PJL,South Asia
HG02798,GWD,Africa
HG02799,GWD,Africa
HG02800,GWD,Africa
HG02804,GWD,Africa
HG02805,GWD,Africa
HG02806,GWD,Africa
HG02807,GWD,Africa
HG02808,GWD,Africa
HG02809,GWD,Africa
HG02810,GWD,Africa
HG02811,GWD,Africa
HG02812,GWD,Africa
HG02813,GWD,Africa
HG02814,GWD,Africa
HG02815,GWD,Africa
HG02816,GWD,Africa
HG02817,GWD,Africa
HG02818,GWD,Africa
HG02819,GWD,Africa
HG02820,GWD,Africa
HG02821,GWD,Africa
HG02836,GWD,Africa
HG02837,GWD,Africa
HG02838,GWD,Africa
HG02839,GWD,Africa
HG02840,GWD,Africa
HG02841,GWD,Africa
HG02851,GWD,Africa
HG02852,GWD,Africa
HG02853,GWD,Africa
HG02854,GWD,Africa
HG02855,GWD,Africa
HG02856,GWD,Africa
HG02860,GWD,Africa
HG02861,GWD,Africa
HG02862,GWD,Africa
HG02869,GWD,Africa
HG02870,GWD,Africa
HG02871,GWD,Africa
HG02878,GWD,Africa
HG02879,GWD,Africa
HG02880,GWD,Africa
HG02881,GWD,Africa
HG02882,GWD,Africa
HG02883,GWD,Africa
HG02884,GWD,Africa
HG02885,GWD,Africa
HG02886,GWD,Africa
HG02887,GWD,Africa
HG02888,GWD,Africa
HG02889,GWD,Africa
HG02890,GWD,Africa
HG02891,GWD,Africa
HG02892,GWD,Africa
HG02895,GWD,Africa
HG02896,GWD,Africa
HG02897,GWD,Africa
HG02922,ESN,Africa
HG02923,ESN,Africa
HG02924,ESN,Africa
HG02938,ESN,Africa
HG02939,ESN,Africa
HG02941,ESN,Africa
HG02942,ESN,Africa
HG02943,ESN,Africa
HG02944,ESN,Africa
HG02945,ESN,Africa
HG02946,ESN,Africa
HG02947,ESN,Africa
HG02948,ESN,Africa
HG02952,ESN,Africa
HG02953,ESN,Africa
HG02954,ESN,Africa
HG02964,ESN,Africa
HG02965,ESN,Africa
HG02966,ESN,Africa
HG02968,ESN,Africa
HG02969,ESN,Africa
HG02970,ESN,Africa
HG02971,ESN,Africa
HG02972,ESN,Africa
HG02973,ESN,Africa
HG02974,ESN,Africa
HG02975,ESN,Africa
HG02976,ESN,Africa
HG02977,ESN,Africa
HG02978,ESN,Africa
HG02979,ESN,Africa
HG02980,ESN,Africa
HG02981,ESN,Africa
HG02982,GWD,Africa
HG02983,GWD,Africa
HG02984,GWD,Africa
HG03006,BEB,South Asia
HG03007,BEB,South Asia
HG03008,BEB,South Asia
HG03009,BEB,South Asia
HG03012,BEB,South Asia
HG03015,PJL,South Asia
HG03016,PJL,South Asia
HG03017,PJL,South Asia
HG03018,PJL,South Asia
HG03019,PJL,South Asia
HG03021,PJL,South Asia
HG03022,PJL,South Asia
HG03023,PJL,South Asia
HG03024,GWD,Africa
HG03025,GWD,Africa
HG03026,GWD,Africa
HG03027,GWD,Africa
HG03028,GWD,Africa
HG03029,GWD,Africa
HG03033,GWD,Africa
HG03034,GWD,Africa
HG03035,GWD,Africa
HG03039,GWD,Africa
HG03040,GWD,Africa
HG03041,GWD,Africa
HG03045,GWD,Africa
HG03046,GWD,Africa
HG03047,GWD,Africa
HG03048,GWD,Africa
HG03049,GWD,Africa
HG03050,GWD,Africa
HG03052,MSL,Africa
HG03053,MSL,Africa
HG03054,MSL,Africa
HG03055,MSL,Africa
HG03056,MSL,Africa
HG03057,MSL,Africa
HG03058,MSL,Africa
HG03059,MSL,Africa
HG03060,MSL,Africa
HG03061,MSL,Africa
HG03062,MSL,Africa
HG03063,MSL,Africa
HG03064,MSL,Africa
HG03065,MSL,Africa
HG03066,MSL,Africa
HG03069,MSL,Africa
HG03072,MSL,Africa
HG03073,MSL,Africa
HG03074,MSL,Africa
HG03076,MSL,Africa
HG03077,MSL,Africa
HG03078,MSL,Africa
HG03079,MSL,Africa
HG03080,MSL,Africa
HG03081,MSL,Africa
HG03082,MSL,Africa
HG03084,MSL,Africa
HG03085,MSL,Africa
HG03086,MSL,Africa
HG03088,MSL,Africa
HG03091,MSL,Africa
HG03095,MSL,Africa
HG03096,MSL,Africa
HG03097,MSL,Africa
HG03098,MSL,Africa
HG03099,ESN,Africa
HG03100,ESN,Africa
HG03101,ESN,Africa
HG03103,ESN,Africa
HG03104,ESN,Africa
HG03105,ESN,Africa
HG03107,ESN,Africa
HG03108,ESN,Africa
HG03109,ESN,Africa
HG03110,ESN,Africa
HG03111,ESN,Africa
HG03112,ESN,Africa
HG03113,ESN,Africa
HG03114,ESN,Africa
HG03115,ESN,Africa
HG03116,ESN,Africa
HG03117,ESN,Africa
HG03118,ESN,Africa
HG03119,ESN,Africa
HG03120,ESN,Africa
HG03121,ESN,Africa
HG03122,ESN,Africa
HG03123,ESN,Africa
HG03124,ESN,Africa
HG03125,ESN,Africa
HG03126,ESN,Africa
HG03127,ESN,Africa
HG03128,ESN,Africa
HG03129,ESN,Africa
HG03130,ESN,Africa
HG03131,ESN,Africa
HG03132,ESN,Africa
HG03133,ESN,Africa
HG03134,ESN,Africa
HG03135,ESN,Africa
HG03136,ESN,Africa
HG03137,ESN,Africa
HG03139,ESN,Africa
HG03140,ESN,Africa
HG03157,ESN,Africa
HG03158,ESN,Africa
HG03159,ESN,Africa
HG03160,ESN,Africa
HG03161,ESN,Africa
HG03162,ESN,Africa
HG03163,ESN,Africa
HG03164,ESN,Africa
HG03166,ESN,Africa
HG03167,ESN,Africa
HG03168,ESN,Africa
HG03169,ESN,Africa
HG03170,ESN,Africa
HG03171,ESN,Africa
HG03172,ESN,Africa
HG03173,ESN,Africa
HG03175,ESN,Africa
HG03176,ESN,Africa
HG03189,ESN,Africa
HG03190,ESN,Africa
HG03191,ESN,Africa
HG03193,ESN,Africa
HG03194,ESN,Africa
HG03195,ESN,Africa
HG03196,ESN,Africa
HG03197,ESN,Africa
HG03198,ESN,Africa
HG03199,ESN,Africa
HG03200,ESN,Africa
HG03202,ESN,Africa
HG03203,ESN,Africa
HG03209,MSL,Africa
HG03212,MSL,Africa
HG03224,MSL,Africa
HG03225,MSL,Africa
HG03228,PJL,South Asia
HG03229,PJL,South Asia
HG03230,PJL,South Asia
HG03234,PJL,South Asia
HG03235,PJL,South Asia
HG03236,PJL,South Asia
HG03237,PJL,South Asia
HG03238,PJL,South Asia
HG03239,PJL,South Asia
HG03240,GWD,Africa
HG03241,GWD,Africa
HG03242,GWD,Africa
HG03246,GWD,Africa
HG03247,GWD,Africa
HG03248,GWD,Africa
HG03249,GWD,Africa
HG03250,GWD,Africa
HG03251,GWD,Africa
HG03258,GWD,Africa
HG03259,GWD,Africa
HG03260,GWD,Africa
HG03265,ESN,Africa
HG03266,ESN,Africa
HG03267,ESN,Africa
HG03268,ESN,Africa
HG03269,ESN,Africa
HG03270,ESN,Africa
HG03271,ESN,Africa
HG03272,ESN,Africa
HG03279,ESN,Africa
HG03280,ESN,Africa
HG03291,ESN,Africa
HG03293,ESN,Africa
HG03294,ESN,Africa
HG03295,ESN,Africa
HG03296,ESN,Africa
HG03297,ESN,Africa
HG03298,ESN,Africa
HG03299,ESN,Africa
HG03300,ESN,Africa
HG03301,ESN,Africa
HG03302,ESN,Africa
HG03303,ESN,Africa
HG03304,ESN,Africa
HG03305,ESN,Africa
HG03306,ESN,Africa
HG03307,ESN,Africa
HG03308,ESN,Africa
HG03309,ESN,Africa
HG03310,ESN,Africa
HG03311,ESN,Africa
HG03312,ESN,Africa
HG03313,ESN,Africa
HG03314,ESN,Africa
HG03339,ESN,Africa
HG03341,ESN,Africa
HG03342,ESN,Africa
HG03343,ESN,Africa
HG03344,ESN,Africa
HG03350,ESN,Africa
HG03351,ESN,Africa
HG03352,ESN,Africa
HG03354,ESN,Africa
HG03361,ESN,Africa
HG03362,ESN,Africa
HG03363,ESN,Africa
HG03365,ESN,Africa
HG03366,ESN,Africa
HG03367,ESN,Africa
HG03368,ESN,Africa
HG03369,ESN,Africa
HG03370,ESN,Africa
HG03371,ESN,Africa
HG03372,ESN,Africa
HG03373,ESN,Africa
HG03374,ESN,Africa
HG03376,MSL,Africa
HG03378,MSL,Africa
HG03380,MSL,Africa
HG03381,MSL,Africa
HG03382,MSL,Africa
HG03383,MSL,Africa
HG03384,MSL,Africa
HG03385,MSL,Africa
HG03388,MSL,Africa
HG03390,MSL,Africa
HG03391,MSL,Africa
HG03393,MSL,Africa
HG03394,MSL,Africa
HG03397,MSL,Africa
HG03398,MSL,Africa
HG03399,MSL,Africa
HG03401,MSL,Africa
HG03402,MSL,Africa
HG03408,MSL,Africa
HG03410,MSL,Africa
HG03411,MSL,Africa
HG03419,MSL,Africa
HG03428,MSL,Africa
HG03431,MSL,Africa
HG03432,MSL,Africa
HG03433,MSL,Africa
HG03436,MSL,Africa
HG03437,MSL,Africa
HG03438,MSL,Africa
HG03439,MSL,Africa
HG03442,MSL,Africa
HG03445,MSL,Africa
HG03446,MSL,Africa
HG03449,MSL,Africa
HG03450,MSL,Africa
HG03451,MSL,Africa
HG03452,MSL,Africa
HG03453,MSL,Africa
HG03454,MSL,Africa
HG03455,MSL,Africa
HG03456,MSL,Africa
HG03457,MSL,Africa
HG03458,MSL,Africa
HG03459,MSL,Africa
HG03460,MSL,Africa
HG03461,MSL,Africa
HG03462,MSL,Africa
HG03464,MSL,Africa
HG03465,MSL,Africa
HG03466,MSL,Africa
HG03468,MSL,Africa
HG03469,MSL,Africa
HG03470,MSL,Africa
HG03471,MSL,Africa
HG03472,MSL,Africa
HG03473,MSL,Africa
HG03474,MSL,Africa
HG03476,MSL,Africa
HG03477,MSL,Africa
HG03478,MSL,Africa
HG03479,MSL,Africa
HG03480,MSL,Africa
HG03484,MSL,Africa
HG03485,MSL,Africa
HG03486,MSL,Africa
HG03487,PJL,South Asia
HG03488,PJL,South Asia
HG03489,PJL,South Asia
HG03490,PJL,South Asia
HG03491,PJL,South Asia
HG03492,PJL,South Asia
HG03493,ESN,Africa
HG03499,ESN,Africa
HG03508,ESN,Africa
HG03510,ESN,Africa
HG03511,ESN,Africa
HG03513,ESN,Africa
HG03514,ESN,Africa
HG03515,ESN,Africa
HG03516,ESN,Africa
HG03517,ESN,Africa
HG03518,ESN,Africa
HG03519,ESN,Africa
HG03520,ESN,Africa
HG03521,ESN,Africa
HG03522,ESN,Africa
HG03538,GWD,Africa
HG03539,GWD,Africa
HG03540,GWD,Africa
HG03547,MSL,Africa
HG03548,MSL,Africa
HG03549,MSL,Africa
HG03556,MSL,Africa
HG03557,MSL,Africa
HG03558,MSL,Africa
HG03559,MSL,Africa
HG03563,MSL,Africa
HG03564,MSL,Africa
HG03565,MSL,Africa
HG03566,MSL,Africa
HG03567,MSL,Africa
HG03569,MSL,Africa
HG03571,MSL,Africa
HG03572,MSL,Africa
HG03574,MSL,Africa
HG03575,MSL,Africa
HG03576,MSL,Africa
HG03577,MSL,Africa
HG03578,MSL,Africa
HG03579,MSL,Africa
HG03582,MSL,Africa
HG03583,MSL,Africa
HG03584,MSL,Africa
HG03585,BEB,South Asia
HG03587,BEB,South Asia
HG03589,BEB,South Asia
HG03590,BEB,South Asia
HG03593,BEB,South Asia
HG03594,BEB,South Asia
HG03595,BEB,South Asia
HG03596,BEB,South Asia
HG03598,BEB,South Asia
HG03599,BEB,South Asia
HG03600,BEB,South Asia
HG03602,BEB,South Asia
HG03603,BEB,South Asia
HG03604,BEB,South Asia
HG03605,BEB,South Asia
HG03606,BEB,South Asia
HG03607,BEB,South Asia
HG03611,BEB,South Asia
HG03615,BEB,South Asia
HG03616,BEB,South Asia
HG03617,BEB,South Asia
HG03618,PJL,South Asia
HG03619,PJL,South Asia
HG03620,PJL,South Asia
HG03621,PJL,South Asia
HG03624,PJL,South Asia
HG03625,PJL,South Asia
HG03626,PJL,South Asia
HG03629,PJL,South Asia
HG03631,PJL,South Asia
HG03633,PJL,South Asia
HG03634,PJL,South Asia
HG03635,PJL,South Asia
HG03636,PJL,South Asia
HG03638,PJL,South Asia
HG03639,PJL,South Asia
HG03640,PJL,South Asia
HG03641,PJL,South Asia
HG03642,STU,South Asia
HG03643,STU,South Asia
HG03644,STU,South Asia
HG03645,STU,South Asia
HG03646,STU,South Asia
HG03649,PJL,South Asia
HG03650,PJL,South Asia
HG03651,PJL,South Asia
HG03652,PJL,South Asia
HG03653,PJL,South Asia
HG03654,PJL,South Asia
HG03656,PJL,South Asia
HG03657,PJL,South Asia
HG03660,PJL,South Asia
HG03663,PJL,South Asia
HG03667,PJL,South Asia
HG03668,PJL,South Asia
HG03669,PJL,South Asia
HG03672,STU,South Asia
HG03673,STU,South Asia
HG03679,STU,South Asia
HG03680,STU,South Asia
HG03681,STU,South Asia
HG03682,STU,South Asia
HG03683,STU,South Asia
HG03684,STU,South Asia
HG03685,STU,South Asia
HG03686,STU,South Asia
HG03687,STU,South Asia
HG03688,STU,South Asia
HG03689,STU,South Asia
HG03690,STU,South Asia
HG03691,STU,South Asia
HG03692,STU,South Asia
HG03693,STU,South Asia
HG03694,STU,South Asia
HG03695,STU,South Asia
HG03696,STU,South Asia
HG03697,STU,South Asia
HG03698,STU,South Asia
HG03699,PJL,South Asia
HG03700,PJL,South Asia
HG03701,PJL,South Asia
HG03702,PJL,South Asia
HG03703,PJL,South Asia
HG03704,PJL,South Asia
HG03705,PJL,South Asia
HG03706,PJL,South Asia
HG03707,PJL,South Asia
HG03708,PJL,South Asia
HG03709,PJL,South Asia
HG03710,PJL,South Asia
HG03711,STU,South Asia
HG03713,ITU,South Asia
HG03714,ITU,South Asia
HG03715,ITU,South Asia
HG03716,ITU,South Asia
HG03717,ITU,South Asia
HG03718,ITU,South Asia
HG03719,ITU,South Asia
HG03720,ITU,South Asia
HG03721,ITU,South Asia
HG03722,ITU,South Asia
HG03723,ITU,South Asia
HG03725,ITU,South Asia
HG03727,ITU,South Asia
HG03729,ITU,South Asia
HG03730,ITU,South Asia
HG03731,ITU,South Asia
HG03732,ITU,South Asia
HG03733,STU,South Asia
HG03736,STU,South Asia
HG03738,STU,South Asia
HG03740,STU,South Asia
HG03741,STU,South Asia
HG03742,ITU,South Asia
HG03743,STU,South Asia
HG03744,STU,South Asia
HG03745,STU,South Asia
HG03746,STU,South Asia
HG03750,STU,South Asia
HG03752,STU,South Asia
HG03753,STU,South Asia
HG03754,STU,South Asia
HG03755,STU,South Asia
HG03756,STU,South Asia
HG03757,STU,South Asia
HG03760,STU,South Asia
HG03761,PJL,South Asia
HG03762,PJL,South Asia
HG03763,PJL,South Asia
HG03765,PJL,South Asia
HG03766,PJL,South Asia
HG03767,PJL,South Asia
HG03769,PJL,South Asia
HG03770,ITU,South Asia
HG03771,ITU,South Asia
HG03772,ITU,South Asia
HG03773,ITU,South Asia
HG03774,ITU,South Asia
HG03775,ITU,South Asia
HG03777,ITU,South Asia
HG03778,ITU,South Asia
HG03779,ITU,South Asia
HG03780,ITU,South Asia
HG03781,ITU,South Asia
HG03782,ITU,South Asia
HG03783,ITU,South Asia
HG03784,ITU,South Asia
HG03785,ITU,South Asia
HG03786,ITU,South Asia
HG03787,ITU,South Asia
HG03788,ITU,South Asia
HG03789,ITU,South Asia
HG03790,ITU,South Asia
HG03792,ITU,South Asia
HG03793,BEB,South Asia
HG03794,BEB,South Asia
HG03795,BEB,South Asia
HG03796,BEB,South Asia
HG03797,BEB,South Asia
HG03798,BEB,South Asia
HG03799,BEB,South Asia
HG03800,BEB,South Asia
HG03801,BEB,South Asia
HG03802,BEB,South Asia
HG03803,BEB,South Asia
HG03804,BEB,South Asia
HG03805,BEB,South Asia
HG03806,BEB,South Asia
HG03807,BEB,South Asia
HG03808,BEB,South Asia
HG03809,BEB,South Asia
HG03811,BEB,South Asia
HG03812,BEB,South Asia
HG03813,BEB,South Asia
HG03814,BEB,South Asia
HG03815,BEB,South Asia
HG03816,BEB,South Asia
HG03817,BEB,South Asia
HG03821,BEB,South Asia
HG03822,BEB,South Asia
HG03823,BEB,South Asia
HG03824,BEB,South Asia
HG03825,BEB,South Asia
HG03826,BEB,South Asia
HG03829,BEB,South Asia
HG03830,BEB,South Asia
HG03831,BEB,South Asia
HG03832,BEB,South Asia
HG03833,BEB,South Asia
HG03834,BEB,South Asia
HG03835,STU,South Asia
HG03836,STU,South Asia
HG03837,STU,South Asia
HG03838,STU,South Asia
HG03840,STU,South Asia
HG03842,STU,South Asia
HG03844,STU,South Asia
HG03845,STU,South Asia
HG03846,STU,South Asia
HG03847,STU,South Asia
HG03848,STU,South Asia
HG03849,STU,South Asia
HG03850,STU,South Asia
HG03851,STU,South Asia
HG03854,STU,South Asia
HG03856,STU,South Asia
HG03857,STU,South Asia
HG03858,STU,South Asia
HG03861,ITU,South Asia
HG03862,ITU,South Asia
HG03863,ITU,South Asia
HG03864,ITU,South Asia
HG03866,ITU,South Asia
HG03867,ITU,South Asia
HG03868,ITU,South Asia
HG03869,ITU,South Asia
HG03870,ITU,South Asia
HG03871,ITU,South Asia
HG03872,ITU,South Asia
HG03873,ITU,South Asia
HG03874,ITU,South Asia
HG03875,ITU,South Asia
HG03876,ITU,South Asia
HG03879,ITU,South Asia
HG03882,ITU,South Asia
HG03884,STU,South Asia
HG03885,STU,South Asia
HG03886,STU,South Asia
HG03887,STU,South Asia
HG03888,STU,South Asia
HG03890,STU,South Asia
HG03894,STU,South Asia
HG03895,STU,South Asia
HG03896,STU,South Asia
HG03897,STU,South Asia
HG03898,STU,South Asia
HG03899,STU,South Asia
HG03900,STU,South Asia
HG03901,BEB,South Asia
HG03902,BEB,South Asia
HG03903,BEB,South Asia
HG03904,BEB,South Asia
HG03905,BEB,South Asia
HG03906,BEB,South Asia
HG03907,BEB,South Asia
HG03908,BEB,South Asia
HG03909,BEB,South Asia
HG03910,BEB,South Asia
HG03911,BEB,South Asia
HG03913,BEB,South Asia
HG03914,BEB,South Asia
HG03915,BEB,South Asia
HG03916,BEB,South Asia
HG03917,BEB,South Asia
HG03919,BEB,South Asia
HG03920,BEB,South Asia
HG03922,BEB,South Asia
HG03924,BEB,South Asia
HG03925,BEB,South Asia
HG03926,BEB,South Asia
HG03927,BEB,South Asia
HG03928,BEB,South Asia
HG03929,BEB,South Asia
HG03930,BEB,South Asia
HG03931,BEB,South Asia
HG03934,BEB,South Asia
HG03937,BEB,South Asia
HG03939,BEB,South Asia
HG03940,BEB,South Asia
HG03941,BEB,South Asia
HG03942,BEB,South Asia
HG03943,STU,South Asia
HG03944,STU,South Asia
HG03945,STU,South Asia
HG03947,STU,South Asia
HG03948,STU,South Asia
HG03949,STU,South Asia
HG03950,STU,South Asia
HG03951,STU,South Asia
HG03953,STU,South Asia
HG03955,STU,South Asia
HG03960,ITU,South Asia
HG03963,ITU,South Asia
HG03965,ITU,South Asia
HG03967,ITU,South Asia
HG03968,ITU,South Asia
HG03969,ITU,South Asia
HG03971,ITU,South Asia
HG03972,ITU,South Asia
HG03973,ITU,South Asia
HG03974,ITU,South Asia
HG03976,ITU,South Asia
HG03977,ITU,South Asia
HG03978,ITU,South Asia
HG03982,STU,South Asia
HG03985,STU,South Asia
HG03986,STU,South Asia
HG03988,STU,South Asia
HG03989,STU,South Asia
HG03990,STU,South Asia
HG03991,STU,South Asia
HG03992,STU,South Asia
HG03995,STU,South Asia
HG03998,STU,South Asia
HG03999,STU,South Asia
HG04001,ITU,South Asia
HG04002,ITU,South Asia
HG04003,STU,South Asia
HG04006,STU,South Asia
HG04014,ITU,South Asia
HG04015,ITU,South Asia
HG04017,ITU,South Asia
HG04018,ITU,South Asia
HG04019,ITU,South Asia
HG04020,ITU,South Asia
HG04022,ITU,South Asia
HG04023,ITU,South Asia
HG04024,ITU,South Asia
HG04025,ITU,South Asia
HG04026,ITU,South Asia
HG04029,STU,South Asia
HG04033,STU,South Asia
HG04035,STU,South Asia
HG04036,STU,South Asia
HG04037,STU,South Asia
HG04038,STU,South Asia
HG04039,STU,South Asia
HG04040,STU,South Asia
HG04042,STU,South Asia
HG04047,STU,South Asia
HG04050,ITU,South Asia
HG04053,ITU,South Asia
HG04054,ITU,South Asia
HG04055,ITU,South Asia
HG04056,ITU,South Asia
HG04058,ITU,South Asia
HG04059,ITU,South Asia
HG04060,ITU,South Asia
HG04061,ITU,South Asia
HG04062,ITU,South Asia
HG04063,ITU,South Asia
HG04067,STU,South Asia
HG04070,ITU,South Asia
HG04075,STU,South Asia
HG04076,ITU,South Asia
HG04080,ITU,South Asia
HG04090,ITU,South Asia
HG04093,ITU,South Asia
HG04094,ITU,South Asia
HG04096,ITU,South Asia
HG04098,ITU,South Asia
HG04099,STU,South Asia
HG04100,STU,South Asia
HG04106,STU,South Asia
HG04107,STU,South Asia
HG04114,STU,South Asia
HG04115,STU,South Asia
HG04118,ITU,South Asia
HG04122,STU,South Asia
HG04127,STU,South Asia
HG04128,BEB,South Asia
HG04131,BEB,South Asia
HG04132,BEB,South Asia
HG04133,BEB,South Asia
HG04134,BEB,South Asia
HG04135,BEB,South Asia
HG04136,BEB,South Asia
HG04140,BEB,South Asia
HG04141,BEB,South Asia
HG04142,BEB,South Asia
HG04144,BEB,South Asia
HG04146,BEB,South Asia
HG04147,BEB,South Asia
HG04148,BEB,South Asia
HG04149,BEB,South Asia
HG04150,BEB,South Asia
HG04151,BEB,South Asia
HG04152,BEB,South Asia
HG04153,BEB,South Asia
HG04155,BEB,South Asia
HG04156,BEB,South Asia
HG04157,BEB,South Asia
HG04158,BEB,South Asia
HG04159,BEB,South Asia
HG04160,BEB,South Asia
HG04161,BEB,South Asia
HG04162,BEB,South Asia
HG04164,BEB,South Asia
HG04171,BEB,South Asia
HG04173,BEB,South Asia
HG04174,BEB,South Asia
HG04175,BEB,South Asia
HG04176,BEB,South Asia
HG04177,BEB,South Asia
HG04180,BEB,South Asia
HG04181,BEB,South Asia
HG04182,BEB,South Asia
HG04183,BEB,South Asia
HG04184,BEB,South Asia
HG04185,BEB,South Asia
HG04186,BEB,South Asia
HG04187,BEB,South Asia
HG04188,BEB,South Asia
HG04189,BEB,South Asia
HG04191,BEB,South Asia
HG04192,BEB,South Asia
HG04193,BEB,South Asia
HG04194,BEB,South Asia
HG04195,BEB,South Asia
HG04197,STU,South Asia
HG04198,ITU,South Asia
HG04199,STU,South Asia
HG04200,ITU,South Asia
HG04202,ITU,South Asia
HG04204,STU,South Asia
HG04206,ITU,South Asia
HG04208,STU,South Asia
HG04209,ITU,South Asia
HG04210,STU,South Asia
HG04211,ITU,South Asia
HG04212,ITU,South Asia
HG04214,ITU,South Asia
HG04215,STU,South Asia
HG04216,ITU,South Asia
HG04217,ITU,South Asia
HG04219,ITU,South Asia
HG04222,ITU,South Asia
HG04225,ITU,South Asia
HG04227,STU,South Asia
HG04228,STU,South Asia
HG04229,STU,South Asia
HG04235,ITU,South Asia
HG04238,ITU,South Asia
HG04239,ITU,South Asia
HG04301,GBR,Europe
HG04302,GBR,Europe
HG04303,GBR,Europe
NA06984,CEU,Europe
NA06985,CEU,Europe
NA06986,CEU,Europe
NA06989,CEU,Europe
NA06991,CEU,Europe
NA06993,CEU,Europe
NA06994,CEU,Europe
NA06995,CEU,Europe
NA06997,CEU,Europe
NA07000,CEU,Europe
NA07014,CEU,Europe
NA07019,CEU,Europe
NA07022,CEU,Europe
NA07029,CEU,Europe
NA07031,CEU,Europe
NA07034,CEU,Europe
NA07037,CEU,Europe
NA07045,CEU,Europe
NA07048,CEU,Europe
NA07051,CEU,Europe
NA07055,CEU,Europe
NA07056,CEU,Europe
NA07340,CEU,Europe
NA07345,CEU,Europe
NA07346,CEU,Europe
NA07347,CEU,Europe
NA07348,CEU,Europe
NA07349,CEU,Europe
NA07357,CEU,Europe
NA07435,CEU,Europe
NA10830,CEU,Europe
NA10831,CEU,Europe
NA10835,CEU,Europe
NA10836,CEU,Europe
NA10837,CEU,Europe
NA10838,CEU,Europe
NA10839,CEU,Europe
NA10840,CEU,Europe
NA10842,CEU,Europe
NA10843,CEU,Europe
NA10845,CEU,Europe
NA10846,CEU,Europe
NA10847,CEU,Europe
NA10850,CEU,Europe
NA10851,CEU,Europe
NA10852,CEU,Europe
NA10853,CEU,Europe
NA10854,CEU,Europe
NA10855,CEU,Europe
NA10856,CEU,Europe
NA10857,CEU,Europe
NA10859,CEU,Europe
NA10860,CEU,Europe
NA10861,CEU,Europe
NA10863,CEU,Europe
NA10864,CEU,Europe
NA10865,CEU,Europe
NA11829,CEU,Europe
NA11830,CEU,Europe
NA11831,CEU,Europe
NA11832,CEU,Europe
NA11839,CEU,Europe
NA11840,CEU,Europe
NA11843,CEU,Europe
NA11881,CEU,Europe
NA11882,CEU,Europe
NA11891,CEU,Europe
NA11892,CEU,Europe
NA11893,CEU,Europe
NA11894,CEU,Europe
NA11917,CEU,Europe
NA11918,CEU,Europe
NA11919,CEU,Europe
NA11920,CEU,Europe
NA11930,CEU,Europe
NA11931,CEU,Europe
NA11932,CEU,Europe
NA11933,CEU,Europe
NA11992,CEU,Europe
NA11993,CEU,Europe
NA11994,CEU,Europe
NA11995,CEU,Europe
NA12003,CEU,Europe
NA12004,CEU,Europe
NA12005,CEU,Europe
NA12006,CEU,Europe
NA12043,CEU,Europe
NA12044,CEU,Europe
NA12045,CEU,Europe
NA12046,CEU,Europe
NA12056,CEU,Europe
NA12057,CEU,Europe
NA12058,CEU,Europe
NA12144,CEU,Europe
NA12145,CEU,Europe
NA12146,CEU,Europe
NA12154,CEU,Europe
NA12155,CEU,Europe
NA12156,CEU,Europe
NA12234,CEU,Europe
NA12239,CEU,Europe
NA12248,CEU,Europe
NA12249,CEU,Europe
NA12264,CEU,Europe
NA12272,CEU,Europe
NA12273,CEU,Europe
NA12274,CEU,Europe
NA12275,CEU,Europe
NA12282,CEU,Europe
NA12283,CEU,Europe
NA12286,CEU,Europe
NA12287,CEU,Europe
NA12329,CEU,Europe
NA12335,CEU,Europe
NA12336,CEU,Europe
NA12340,CEU,Europe
NA12341,CEU,Europe
NA12342,CEU,Europe
NA12343,CEU,Europe
NA12344,CEU,Europe
NA12347,CEU,Europe
NA12348,CEU,Europe
NA12375,CEU,Europe
NA12376,CEU,Europe
NA12383,CEU,Europe
NA12386,CEU,Europe
NA12399,CEU,Europe
NA12400,CEU,Europe
NA12413,CEU,Europe
NA12414,CEU,Europe
NA12485,CEU,Europe
NA12489,CEU,Europe
NA12546,CEU,Europe
NA12707,CEU,Europe
NA12708,CEU,Europe
NA12716,CEU,Europe
NA12717,CEU,Europe
NA12718,CEU,Europe
NA12739,CEU,Europe
NA12740,CEU,Europe
NA12748,CEU,Europe
NA12749,CEU,Europe
NA12750,CEU,Europe
NA12751,CEU,Europe
NA12752,CEU,Europe
NA12753,CEU,Europe
NA12760,CEU,Europe
NA12761,CEU,Europe
NA12762,CEU,Europe
NA12763,CEU,Europe
NA12766,CEU,Europe
NA12767,CEU,Europe
NA12775,CEU,Europe
NA12776,CEU,Europe
NA12777,CEU,Europe
NA12778,CEU,Europe
NA12801,CEU,Europe
NA12802,CEU,Europe
NA12812,CEU,Europe
NA12813,CEU,Europe
NA12814,CEU,Europe
NA12815,CEU,Europe
NA12817,CEU,Europe
NA12818,CEU,Europe
NA12827,CEU,Europe
NA12828,CEU,Europe
NA12829,CEU,Europe
NA12830,CEU,Europe
NA12832,CEU,Europe
NA12842,CEU,Europe
NA12843,CEU,Europe
NA12864,CEU,Europe
NA12865,CEU,Europe
NA12872,CEU,Europe
NA12873,CEU,Europe
NA12874,CEU,Europe
NA12875,CEU,Europe
NA12877,CEU,Europe
NA12878,CEU,Europe
NA12889,CEU,Europe
NA12890,CEU,Europe
NA12891,CEU,Europe
NA12892,CEU,Europe
NA18484,YRI,Africa
NA18485,YRI,Africa
NA18486,YRI,Africa
NA18487,YRI,Africa
NA18488,YRI,Africa
NA18489,YRI,Africa
NA18497,YRI,Africa
NA18498,YRI,Africa
NA18499,YRI,Africa
NA18500,YRI,Africa
NA18501,YRI,Africa
NA18502,YRI,Africa
NA18503,YRI,Africa
NA18504,YRI,Africa
NA18505,YRI,Africa
NA18506,YRI,Africa
NA18507,YRI,Africa
NA18508,YRI,Africa
NA18509,YRI,Africa
NA18510,YRI,Africa
NA18511,YRI,Africa
NA18515,YRI,Africa
NA18516,YRI,Africa
NA18517,YRI,Africa
NA18518,YRI,Africa
NA18519,YRI,Africa
NA18520,YRI,Africa
NA18521,YRI,Africa
NA18522,YRI,Africa
NA18523,YRI,Africa
NA18525,CHB,East Asia
NA18526,CHB,East Asia
NA18527,CHB,East Asia
NA18528,CHB,East Asia
NA18530,CHB,East Asia
NA18531,CHB,East Asia
NA18532,CHB,East Asia
NA18533,CHB,East Asia
NA18534,CHB,East Asia
NA18535,CHB,East Asia
NA18536,CHB,East Asia
NA18537,CHB,East Asia
NA18538,CHB,East Asia
NA18539,CHB,East Asia
NA18541,CHB,East Asia
NA18542,CHB,East Asia
NA18543,CHB,East Asia
NA18544,CHB,East Asia
NA18545,CHB,East Asia
NA18546,CHB,East Asia
NA18547,CHB,East Asia
NA18548,CHB,East Asia
NA18549,CHB,East Asia
NA18550,CHB,East Asia
NA18552,CHB,East Asia
NA18553,CHB,East Asia
NA18555,CHB,East Asia
NA18557,CHB,East Asia
NA18558,CHB,East Asia
NA18559,CHB,East Asia
NA18560,CHB,East Asia
NA18561,CHB,East Asia
NA18562,CHB,East Asia
NA18563,CHB,East Asia
NA18564,CHB,East Asia
NA18565,CHB,East Asia
NA18566,CHB,East Asia
NA18567,CHB,East Asia
NA18570,CHB,East Asia
NA18571,CHB,East Asia
NA18572,CHB,East Asia
NA18573,CHB,East Asia
NA18574,CHB,East Asia
NA18576,CHB,East Asia
NA18577,CHB,East Asia
NA18579,CHB,East Asia
NA18582,CHB,East Asia
NA18591,CHB,East Asia
NA18592,CHB,East Asia
NA18593,CHB,East Asia
NA18595,CHB,East Asia
NA18596,CHB,East Asia
NA18597,CHB,East Asia
NA18599,CHB,East Asia
NA18602,CHB,East Asia
NA18603,CHB,East Asia
NA18605,CHB,East Asia
NA18606,CHB,East Asia
NA18608,CHB,East Asia
NA18609,CHB,East Asia
NA18610,CHB,East Asia
NA18611,CHB,East Asia
NA18612,CHB,East Asia
NA18613,CHB,East Asia
NA18614,CHB,East Asia
NA18615,CHB,East Asia
NA18616,CHB,East Asia
NA18617,CHB,East Asia
NA18618,CHB,East Asia
NA18619,CHB,East Asia
NA18620,CHB,East Asia
NA18621,CHB,East Asia
NA18622,CHB,East Asia
NA18623,CHB,East Asia
NA18624,CHB,East Asia
NA18625,CHB,East Asia
NA18626,CHB,East Asia
NA18627,CHB,East Asia
NA18628,CHB,East Asia
NA18629,CHB,East Asia
NA18630,CHB,East Asia
NA18631,CHB,East Asia
NA18632,CHB,East Asia
NA18633,CHB,East Asia
NA18634,CHB,East Asia
NA18635,CHB,East Asia
NA18636,CHB,East Asia
NA18637,CHB,East Asia
NA18638,CHB,East Asia
NA18639,CHB,East Asia
NA18640,CHB,East Asia
NA18641,CHB,East Asia
NA18642,CHB,East Asia
NA18643,CHB,East Asia
NA18644,CHB,East Asia
NA18645,CHB,East Asia
NA18646,CHB,East Asia
NA18647,CHB,East Asia
NA18648,CHB,East Asia
NA18740,CHB,East Asia
NA18745,CHB,East Asia
NA18747,CHB,East Asia
NA18748,CHB,East Asia
NA18749,CHB,East Asia
NA18757,CHB,East Asia
NA18791,CHB,East Asia
NA18794,CHB,East Asia
NA18795,CHB,East Asia
NA18852,YRI,Africa
NA18853,YRI,Africa
NA18854,YRI,Africa
NA18855,YRI,Africa
NA18856,YRI,Africa
NA18857,YRI,Africa
NA18858,YRI,Africa
NA18859,YRI,Africa
NA18860,YRI,Africa
NA18861,YRI,Africa
NA18862,YRI,Africa
NA18863,YRI,Africa
NA18864,YRI,Africa
NA18865,YRI,Africa
NA18867,YRI,Africa
NA18868,YRI,Africa
NA18869,YRI,Africa
NA18870,YRI,Africa
NA18871,YRI,Africa
NA18872,YRI,Africa
NA18873,YRI,Africa
NA18874,YRI,Africa
NA18875,YRI,Africa
NA18876,YRI,Africa
NA18877,YRI,Africa
NA18878,YRI,Africa
NA18879,YRI,Africa
NA18881,YRI,Africa
NA18906,YRI,Africa
NA18907,YRI,Africa
NA18908,YRI,Africa
NA18909,YRI,Africa
NA18910,YRI,Africa
NA18911,YRI,Africa
NA18912,YRI,Africa
NA18913,YRI,Africa
NA18914,YRI,Africa
NA18915,YRI,Africa
NA18916,YRI,Africa
NA18917,YRI,Africa
NA18923,YRI,Africa
NA18924,YRI,Africa
NA18925,YRI,Africa
NA18930,YRI,Africa
NA18933,YRI,Africa
NA18934,YRI,Africa
NA18935,YRI,Africa
NA18939,JPT,East Asia
NA18940,JPT,East Asia
NA18941,JPT,East Asia
NA18942,JPT,East Asia
NA18943,JPT,East Asia
NA18944,JPT,East Asia
NA18945,JPT,East Asia
NA18946,JPT,East Asia
NA18947,JPT,East Asia
NA18948,JPT,East Asia
NA18949,JPT,East Asia
NA18950,JPT,East Asia
NA18951,JPT,East Asia
NA18952,JPT,East Asia
NA18953,JPT,East Asia
NA18954,JPT,East Asia
NA18955,JPT,East Asia
NA18956,JPT,East Asia
NA18957,JPT,East Asia
NA18959,JPT,East Asia
NA18960,JPT,East Asia
NA18961,JPT,East Asia
NA18962,JPT,East Asia
NA18963,JPT,East Asia
NA18964,JPT,East Asia
NA18965,JPT,East Asia
NA18966,JPT,East Asia
NA18967,JPT,East Asia
NA18968,JPT,East Asia
NA18969,JPT,East Asia
NA18970,JPT,East Asia
NA18971,JPT,East Asia
NA18972,JPT,East Asia
NA18973,JPT,East Asia
NA18974,JPT,East Asia
NA18975,JPT,East Asia
NA18976,JPT,East Asia
NA18977,JPT,East Asia
NA18978,JPT,East Asia
NA18979,JPT,East Asia
NA18980,JPT,East Asia
NA18981,JPT,East Asia
NA18982,JPT,East Asia
NA18983,JPT,East Asia
NA18984,JPT,East Asia
NA18985,JPT,East Asia
NA18986,JPT,East Asia
NA18987,JPT,East Asia
NA18988,JPT,East Asia
NA18989,JPT,East Asia
NA18990,JPT,East Asia
NA18991,JPT,East Asia
NA18992,JPT,East Asia
NA18993,JPT,East Asia
NA18994,JPT,East Asia
NA18995,JPT,East Asia
NA18997,JPT,East Asia
NA18998,JPT,East Asia
NA18999,JPT,East Asia
NA19000,JPT,East Asia
NA19001,JPT,East Asia
NA19002,JPT,East Asia
NA19003,JPT,East Asia
NA19004,JPT,East Asia
NA19005,JPT,East Asia
NA19006,JPT,East Asia
NA19007,JPT,East Asia
NA19009,JPT,East Asia
NA19010,JPT,East Asia
NA19011,JPT,East Asia
NA19012,JPT,East Asia
NA19017,LWK,Africa
NA19019,LWK,Africa
NA19020,LWK,Africa
NA19023,LWK,Africa
NA19024,LWK,Africa
NA19025,LWK,Africa
NA19026,LWK,Africa
NA19027,LWK,Africa
NA19028,LWK,Africa
NA19030,LWK,Africa
NA19031,LWK,Africa
NA19035,LWK,Africa
NA19036,LWK,Africa
NA19037,LWK,Africa
NA19038,LWK,Africa
NA19041,LWK,Africa
NA19042,LWK,Africa
NA19043,LWK,Africa
NA19044,LWK,Africa
NA19046,LWK,Africa
NA19054,JPT,East Asia
NA19055,JPT,East Asia
NA19056,JPT,East Asia
NA19057,JPT,East Asia
NA19058,JPT,East Asia
NA19059,JPT,East Asia
NA19060,JPT,East Asia
NA19062,JPT,East Asia
NA19063,JPT,East Asia
NA19064,JPT,East Asia
NA19065,JPT,East Asia
NA19066,JPT,East Asia
NA19067,JPT,East Asia
NA19068,JPT,East Asia
NA19070,JPT,East Asia
NA19072,JPT,East Asia
NA19074,JPT,East Asia
NA19075,JPT,East Asia
NA19076,JPT,East Asia
NA19077,JPT,East Asia
NA19078,JPT,East Asia
NA19079,JPT,East Asia
NA19080,JPT,East Asia
NA19081,JPT,East Asia
NA19082,JPT,East Asia
NA19083,JPT,East Asia
NA19084,JPT,East Asia
NA19085,JPT,East Asia
NA19086,JPT,East Asia
NA19087,JPT,East Asia
NA19088,JPT,East Asia
NA19089,JPT,East Asia
NA19090,JPT,East Asia
NA19091,JPT,East Asia
NA19092,YRI,Africa
NA19093,YRI,Africa
NA19094,YRI,Africa
NA19095,YRI,Africa
NA19096,YRI,Africa
NA19097,YRI,Africa
NA19098,YRI,Africa
NA19099,YRI,Africa
NA19100,YRI,Africa
NA19101,YRI,Africa
NA19102,YRI,Africa
NA19103,YRI,Africa
NA19104,YRI,Africa
NA19105,YRI,Africa
NA19107,YRI,Africa
NA19108,YRI,Africa
NA19109,YRI,Africa
NA19113,YRI,Africa
NA19114,YRI,Africa
NA19115,YRI,Africa
NA19116,YRI,Africa
NA19117,YRI,Africa
NA19118,YRI,Africa
NA19119,YRI,Africa
NA19120,YRI,Africa
NA19121,YRI,Africa
NA19122,YRI,Africa
NA19123,YRI,Africa
NA19127,YRI,Africa
NA19128,YRI,Africa
NA19129,YRI,Africa
NA19130,YRI,Africa
NA19131,YRI,Africa
NA19132,YRI,Africa
NA19137,YRI,Africa
NA19138,YRI,Africa
NA19139,YRI,Africa
NA19140,YRI,Africa
NA19141,YRI,Africa
NA19142,YRI,Africa
NA19143,YRI,Africa
NA19144,YRI,Africa
NA19145,YRI,Africa
NA19146,YRI,Africa
NA19147,YRI,Africa
NA19148,YRI,Africa
NA19149,YRI,Africa
NA19150,YRI,Africa
NA19151,YRI,Africa
NA19152,YRI,Africa
NA19153,YRI,Africa
NA19154,YRI,Africa
NA19159,YRI,Africa
NA19160,YRI,Africa
NA19161,YRI,Africa
NA19166,YRI,Africa
NA19171,YRI,Africa
NA19172,YRI,Africa
NA19173,YRI,Africa
NA19174,YRI,Africa
NA19175,YRI,Africa
NA19176,YRI,Africa
NA19177,YRI,Africa
NA19184,YRI,Africa
NA19185,YRI,Africa
NA19186,YRI,Africa
NA19189,YRI,Africa
NA19190,YRI,Africa
NA19191,YRI,Africa
NA19195,YRI,Africa
NA19196,YRI,Africa
NA19197,YRI,Africa
NA19198,YRI,Africa
NA19199,YRI,Africa
NA19200,YRI,Africa
NA19201,YRI,Africa
NA19202,YRI,Africa
NA19203,YRI,Africa
NA19204,YRI,Africa
NA19205,YRI,Africa
NA19206,YRI,Africa
NA19207,YRI,Africa
NA19208,YRI,Africa
NA19209,YRI,Africa
NA19210,YRI,Africa
NA19211,YRI,Africa
NA19213,YRI,Africa
NA19214,YRI,Africa
NA19215,YRI,Africa
NA19221,YRI,Africa
NA19222,YRI,Africa
NA19223,YRI,Africa
NA19224,YRI,Africa
NA19225,YRI,Africa
NA19226,YRI,Africa
NA19235,YRI,Africa
NA19236,YRI,Africa
NA19237,YRI,Africa
NA19238,YRI,Africa
NA19239,YRI,Africa
NA19240,YRI,Africa
NA19247,YRI,Africa
NA19248,YRI,Africa
NA19249,YRI,Africa
NA19252,YRI,Africa
NA19254,YRI,Africa
NA19256,YRI,Africa
NA19257,YRI,Africa
NA19258,YRI,Africa
NA19307,LWK,Africa
NA19308,LWK,Africa
NA19309,LWK,Africa
NA19310,LWK,Africa
NA19311,LWK,Africa
NA19312,LWK,Africa
NA19313,LWK,Africa
NA19314,LWK,Africa
NA19315,LWK,Africa
NA19316,LWK,Africa
NA19317,LWK,Africa
NA19318,LWK,Africa
NA19319,LWK,Africa
NA19320,LWK,Africa
NA19321,LWK,Africa
NA19323,LWK,Africa
NA19324,LWK,Africa
NA19327,LWK,Africa
NA19328,LWK,Africa
NA19331,LWK,Africa
NA19332,LWK,Africa
NA19334,LWK,Africa
NA19338,LWK,Africa
NA19346,LWK,Africa
NA19347,LWK,Africa
NA19350,LWK,Africa
NA19351,LWK,Africa
NA19352,LWK,Africa
NA19355,LWK,Africa
NA19359,LWK,Africa
NA19360,LWK,Africa
NA19371,LWK,Africa
NA19372,LWK,Africa
NA19373,LWK,Africa
NA19374,LWK,Africa
NA19375,LWK,Africa
NA19376,LWK,Africa
NA19377,LWK,Africa
NA19378,LWK,Africa
NA19379,LWK,Africa
NA19380,LWK,Africa
NA19381,LWK,Africa
NA19382,LWK,Africa
NA19383,LWK,Africa
NA19384,LWK,Africa
NA19385,LWK,Africa
NA19390,LWK,Africa
NA19391,LWK,Africa
NA19393,LWK,Africa
NA19394,LWK,Africa
NA19395,LWK,Africa
NA19396,LWK,Africa
NA19397,LWK,Africa
NA19398,LWK,Africa
NA19399,LWK,Africa
NA19401,LWK,Africa
NA19403,LWK,Africa
NA19404,LWK,Africa
NA19428,LWK,Africa
NA19429,LWK,Africa
NA19430,LWK,Africa
NA19431,LWK,Africa
NA19432,LWK,Africa
NA19434,LWK,Africa
NA19435,LWK,Africa
NA19436,LWK,Africa
NA19437,LWK,Africa
NA19438,LWK,Africa
NA19439,LWK,Africa
NA19440,LWK,Africa
NA19443,LWK,Africa
NA19444,LWK,Africa
NA19445,LWK,Africa
NA19446,LWK,Africa
NA19448,LWK,Africa
NA19449,LWK,Africa
NA19451,LWK,Africa
NA19452,LWK,Africa
NA19453,LWK,Africa
NA19454,LWK,Africa
NA19455,LWK,Africa
NA19456,LWK,Africa
NA19457,LWK,Africa
NA19461,LWK,Africa
NA19462,LWK,Africa
NA19463,LWK,Africa
NA19466,LWK,Africa
NA19467,LWK,Africa
NA19468,LWK,Africa
NA19469,LWK,Africa
NA19470,LWK,Africa
NA19471,LWK,Africa
NA19472,LWK,Africa
NA19473,LWK,Africa
NA19474,LWK,Africa
NA19475,LWK,Africa
NA19625,ASW,Africa
NA19648,MXL,America
NA19649,MXL,America
NA19650,MXL,America
NA19651,MXL,America
NA19652,MXL,America
NA19653,MXL,America
NA19654,MXL,America
NA19655,MXL,America
NA19656,MXL,America
NA19657,MXL,America
NA19658,MXL,America
NA19659,MXL,America
NA19660,MXL,America
NA19661,MXL,America
NA19662,MXL,America
NA19663,MXL,America
NA19664,MXL,America
NA19665,MXL,America
NA19669,MXL,America
NA19670,MXL,America
NA19671,MXL,America
NA19672,MXL,America
NA19674,MXL,America
NA19675,MXL,America
NA19676,MXL,America
NA19677,MXL,America
NA19678,MXL,America
NA19679,MXL,America
NA19680,MXL,America
NA19681,MXL,America
NA19682,MXL,America
NA19683,MXL,America
NA19684,MXL,America
NA19685,MXL,America
NA19686,MXL,America
NA19700,ASW,Africa
NA19701,ASW,Africa
NA19702,ASW,Africa
NA19703,ASW,Africa
NA19704,ASW,Africa
NA19705,ASW,Africa
NA19707,ASW,Africa
NA19708,ASW,Africa
NA19711,ASW,Africa
NA19712,ASW,Africa
NA19713,ASW,Africa
NA19714,ASW,Africa
NA19716,MXL,America
NA19717,MXL,America
NA19718,MXL,America
NA19719,MXL,America
NA19720,MXL,America
NA19721,MXL,America
NA19722,MXL,America
NA19723,MXL,America
NA19724,MXL,America
NA19725,MXL,America
NA19726,MXL,America
NA19727,MXL,America
NA19728,MXL,America
NA19729,MXL,America
NA19730,MXL,America
NA19731,MXL,America
NA19732,MXL,America
NA19733,MXL,America
NA19734,MXL,America
NA19735,MXL,America
NA19737,MXL,America
NA19738,MXL,America
NA19740,MXL,America
NA19741,MXL,America
NA19742,MXL,America
NA19746,MXL,America
NA19747,MXL,America
NA19748,MXL,America
NA19749,MXL,America
NA19750,MXL,America
NA19751,MXL,America
NA19752,MXL,America
NA19753,MXL,America
NA19754,MXL,America
NA19755,MXL,America
NA19756,MXL,America
NA19757,MXL,America
NA19758,MXL,America
NA19759,MXL,America
NA19760,MXL,America
NA19761,MXL,America
NA19762,MXL,America
NA19763,MXL,America
NA19764,MXL,America
NA19766,MXL,America
NA19770,MXL,America
NA19771,MXL,America
NA19772,MXL,America
NA19773,MXL,America
NA19774,MXL,America
NA19775,MXL,America
NA19776,MXL,America
NA19777,MXL,America
NA19778,MXL,America
NA19779,MXL,America
NA19780,MXL,America
NA19781,MXL,America
NA19782,MXL,America
NA19783,MXL,America
NA19784,MXL,America
NA19785,MXL,America
NA19786,MXL,America
NA19787,MXL,America
NA19788,MXL,America
NA19789,MXL,America
NA19790,MXL,America
NA19792,MXL,America
NA19794,MXL,America
NA19795,MXL,America
NA19796,MXL,America
NA19797,MXL,America
NA19798,MXL,America
NA19818,ASW,Africa
NA19819,ASW,Africa
NA19828,ASW,Africa
NA19834,ASW,Africa
NA19835,ASW,Africa
NA19836,ASW,Africa
NA19900,ASW,Africa
NA19901,ASW,Africa
NA19902,ASW,Africa
NA19904,ASW,Africa
NA19905,ASW,Africa
NA19908,ASW,Africa
NA19909,ASW,Africa
NA19913,ASW,Africa
NA19914,ASW,Africa
NA19915,ASW,Africa
NA19916,ASW,Africa
NA19917,ASW,Africa
NA19918,ASW,Africa
NA19919,ASW,Africa
NA19920,ASW,Africa
NA19921,ASW,Africa
NA19922,ASW,Africa
NA19923,ASW,Africa
NA19924,ASW,Africa
NA19982,ASW,Africa
NA19983,ASW,Africa
NA19984,ASW,Africa
NA19985,ASW,Africa
NA20126,ASW,Africa
NA20127,ASW,Africa
NA20128,ASW,Africa
NA20129,ASW,Africa
NA20274,ASW,Africa
NA20276,ASW,Africa
NA20277,ASW,Africa
NA20278,ASW,Africa
NA20279,ASW,Africa
NA20281,ASW,Africa
NA20282,ASW,Africa
NA20284,ASW,Africa
NA20285,ASW,Africa
NA20287,ASW,Africa
NA20288,ASW,Africa
NA20289,ASW,Africa
NA20290,ASW,Africa
NA20291,ASW,Africa
NA20292,ASW,Africa
NA20294,ASW,Africa
NA20295,ASW,Africa
NA20296,ASW,Africa
NA20297,ASW,Africa
NA20298,ASW,Africa
NA20299,ASW,Africa
NA20300,ASW,Africa
NA20301,ASW,Africa
NA20302,ASW,Africa
NA20312,ASW,Africa
NA20313,ASW,Africa
NA20314,ASW,Africa
NA20316,ASW,Africa
NA20317,ASW,Africa
NA20318,ASW,Africa
NA20319,ASW,Africa
NA20320,ASW,Africa
NA20321,ASW,Africa
NA20322,ASW,Africa
NA20332,ASW,Africa
NA20333,ASW,Africa
NA20334,ASW,Africa
NA20335,ASW,Africa
NA20336,ASW,Africa
NA20337,ASW,Africa
NA20339,ASW,Africa
NA20340,ASW,Africa
NA20341,ASW,Africa
NA20342,ASW,Africa
NA20343,ASW,Africa
NA20344,ASW,Africa
NA20345,ASW,Africa
NA20346,ASW,Africa
NA20347,ASW,Africa
NA20348,ASW,Africa
NA20349,ASW,Africa
NA20350,ASW,Africa
NA20351,ASW,Africa
NA20355,ASW,Africa
NA20356,ASW,Africa
NA20357,ASW,Africa
NA20358,ASW,Africa
NA20359,ASW,Africa
NA20360,ASW,Africa
NA20361,ASW,Africa
NA20362,ASW,Africa
NA20363,ASW,Africa
NA20364,ASW,Africa
NA20412,ASW,Africa
NA20413,ASW,Africa
NA20414,ASW,Africa
NA20502,TSI,Europe
NA20503,TSI,Europe
NA20504,TSI,Europe
NA20505,TSI,Europe
NA20506,TSI,Europe
NA20507,TSI,Europe
NA20508,TSI,Europe
NA20509,TSI,Europe
NA20510,TSI,Europe
NA20511,TSI,Europe
NA20512,TSI,Europe
NA20513,TSI,Europe
NA20514,TSI,Europe
NA20515,TSI,Europe
NA20516,TSI,Europe
NA20517,TSI,Europe
NA20518,TSI,Europe
NA20519,TSI,Europe
NA20520,TSI,Europe
NA20521,TSI,Europe
NA20522,TSI,Europe
NA20524,TSI,Europe
NA20525,TSI,Europe
NA20526,TSI,Europe
NA20527,TSI,Europe
NA20528,TSI,Europe
NA20529,TSI,Europe
NA20530,TSI,Europe
NA20531,TSI,Europe
NA20532,TSI,Europe
NA20533,TSI,Europe
NA20534,TSI,Europe
NA20535,TSI,Europe
NA20536,TSI,Europe
NA20537,TSI,Europe
NA20538,TSI,Europe
NA20539,TSI,Europe
NA20540,TSI,Europe
NA20541,TSI,Europe
NA20542,TSI,Europe
NA20543,TSI,Europe
NA20544,TSI,Europe
NA20581,TSI,Europe
NA20582,TSI,Europe
NA20585,TSI,Europe
NA20586,TSI,Europe
NA20587,TSI,Europe
NA20588,TSI,Europe
NA20589,TSI,Europe
NA20752,TSI,Europe
NA20753,TSI,Europe
NA20754,TSI,Europe
NA20755,TSI,Europe
NA20756,TSI,Europe
NA20757,TSI,Europe
NA20758,TSI,Europe
NA20759,TSI,Europe
NA20760,TSI,Europe
NA20761,TSI,Europe
NA20762,TSI,Europe
NA20763,TSI,Europe
NA20764,TSI,Europe
NA20765,TSI,Europe
NA20766,TSI,Europe
NA20767,TSI,Europe
NA20768,TSI,Europe
NA20769,TSI,Europe
NA20770,TSI,Europe
NA20771,TSI,Europe
NA20772,TSI,Europe
NA20773,TSI,Europe
NA20774,TSI,Europe
NA20775,TSI,Europe
NA20778,TSI,Europe
NA20783,TSI,Europe
NA20785,TSI,Europe
NA20786,TSI,Europe
NA20787,TSI,Europe
NA20790,TSI,Europe
NA20792,TSI,Europe
NA20795,TSI,Europe
NA20796,TSI,Europe
NA20797,TSI,Europe
NA20798,TSI,Europe
NA20799,TSI,Europe
NA20800,TSI,Europe
NA20801,TSI,Europe
NA20802,TSI,Europe
NA20803,TSI,Europe
NA20804,TSI,Europe
NA20805,TSI,Europe
NA20806,TSI,Europe
NA20807,TSI,Europe
NA20808,TSI,Europe
NA20809,TSI,Europe
NA20810,TSI,Europe
NA20811,TSI,Europe
NA20812,TSI,Europe
NA20813,TSI,Europe
NA20814,TSI,Europe
NA20815,TSI,Europe
NA20816,TSI,Europe
NA20818,TSI,Europe
NA20819,TSI,Europe
NA20821,TSI,Europe
NA20822,TSI,Europe
NA20826,TSI,Europe
NA20827,TSI,Europe
NA20828,TSI,Europe
NA20829,TSI,Europe
NA20831,TSI,Europe
NA20832,TSI,Europe
NA20845,GIH,South Asia
NA20846,GIH,South Asia
NA20847,GIH,South Asia
NA20849,GIH,South Asia
NA20850,GIH,South Asia
NA20851,GIH,South Asia
NA20852,GIH,South Asia
NA20853,GIH,South Asia
NA20854,GIH,South Asia
NA20856,GIH,South Asia
NA20858,GIH,South Asia
NA20859,GIH,South Asia
NA20861,GIH,South Asia
NA20862,GIH,South Asia
NA20863,GIH,South Asia
NA20864,GIH,South Asia
NA20866,GIH,South Asia
NA20867,GIH,South Asia
NA20868,GIH,South Asia
NA20869,GIH,South Asia
NA20870,GIH,South Asia
NA20871,GIH,South Asia
NA20872,GIH,South Asia
NA20873,GIH,South Asia
NA20874,GIH,South Asia
NA20875,GIH,South Asia
NA20876,GIH,South Asia
NA20877,GIH,South Asia
NA20878,GIH,South Asia
NA20879,GIH,South Asia
NA20881,GIH,South Asia
NA20882,GIH,South Asia
NA20883,GIH,South Asia
NA20884,GIH,South Asia
NA20885,GIH,South Asia
NA20886,GIH,South Asia
NA20887,GIH,South Asia
NA20888,GIH,South Asia
NA20889,GIH,South Asia
NA20890,GIH,South Asia
NA20891,GIH,South Asia
NA20892,GIH,South Asia
NA20893,GIH,South Asia
NA20894,GIH,South Asia
NA20895,GIH,South Asia
NA20896,GIH,South Asia
NA20897,GIH,South Asia
NA20898,GIH,South Asia
NA20899,GIH,South Asia
NA20900,GIH,South Asia
NA20901,GIH,South Asia
NA20902,GIH,South Asia
NA20903,GIH,South Asia
NA20904,GIH,South Asia
NA20905,GIH,South Asia
NA20906,GIH,South Asia
NA20907,GIH,South Asia
NA20908,GIH,South Asia
NA20909,GIH,South Asia
NA20910,GIH,South Asia
NA20911,GIH,South Asia
NA21086,GIH,South Asia
NA21087,GIH,South Asia
NA21088,GIH,South Asia
NA21089,GIH,South Asia
NA21090,GIH,South Asia
NA21091,GIH,South Asia
NA21092,GIH,South Asia
NA21093,GIH,South Asia
NA21094,GIH,South Asia
NA21095,GIH,South Asia
NA21097,GIH,South Asia
NA21098,GIH,South Asia
NA21099,GIH,South Asia
NA21100,GIH,South Asia
NA21101,GIH,South Asia
NA21102,GIH,South Asia
NA21103,GIH,South Asia
NA21104,GIH,South Asia
NA21105,GIH,South Asia
NA21106,GIH,South Asia
NA21107,GIH,South Asia
NA21108,GIH,South Asia
NA21109,GIH,South Asia
NA21110,GIH,South Asia
NA21111,GIH,South Asia
NA21112,GIH,South Asia
NA21113,GIH,South Asia
NA21114,GIH,South Asia
NA21115,GIH,South Asia
NA21116,GIH,South Asia
NA21117,GIH,South Asia
NA21118,GIH,South Asia
NA21119,GIH,South Asia
NA21120,GIH,South Asia
NA21121,GIH,South Asia
NA21122,GIH,South Asia
NA21123,GIH,South Asia
NA21124,GIH,South Asia
NA21125,GIH,South Asia
NA21126,GIH,South Asia
NA21127,GIH,South Asia
NA21128,GIH,South Asia
NA21129,GIH,South Asia
NA21130,GIH,South Asia
NA21133,GIH,South Asia
NA21134,GIH,South Asia
NA21135,GIH,South Asia
NA21137,GIH,South Asia
NA21141,GIH,South Asia
NA21142,GIH,South Asia
NA21143,GIH,South Asia
NA21144,GIH,South Asia